customer_id,territory_id,cold_truck_group,last_successful_visit,recency,frequency,monetary,r_score,f_score,m_score,rfm_combined,seasonality_score,territory_score,locality_score,rating_score,final_customer_score,rfm_segment_final,customer_rank
CUS_DMM_0038,TER_DMM,Cold Truck,2026-05-04,25.0,7.0,78629.65,0.9154929577464789,0.7,0.63926440770015,0.7515857884822096,0.9199999999999999,1.0,1.0,1.0,0.8766343153928838,High,1
CUS_DMM_0095,TER_DMM,Cold Truck,2026-05-04,25.0,6.0,81771.77,0.9154929577464789,0.6,0.6648100572194192,0.7267676716552994,0.91,1.0,0.6542346480204728,0.75,0.8041305334641671,High,2
CUS_DMM_0063,TER_DMM,Cold Truck,2026-05-10,19.0,6.0,22975.85,1.0,0.6,0.18679522472321183,0.5955984082410707,0.9799999999999999,1.0,0.6542346480204728,1.0,0.7976628280984754,High,3
CUS_DMM_0033,TER_DMM,Cold Truck,2026-05-05,24.0,3.0,2864.06,0.9295774647887324,0.3,0.02328500278861335,0.41762082252578187,0.9519999999999998,1.0,1.0,0.75,0.7276483290103126,High,4
CUS_DMM_0042,TER_DMM,Cold Truck,2026-05-05,24.0,7.0,28064.34,0.9295774647887324,0.7,0.22816499485366692,0.6192474865474664,0.91,1.0,0.0,0.75,0.6956989946189867,High,5
CUS_DMM_0052,TER_DMM,Cold Truck,2026-04-28,31.0,7.0,5499.94,0.8309859154929577,0.7,0.04471488664246074,0.5252336007118061,0.5,1.0,1.0,1.0,0.6600934402847224,High,6
CUS_DMM_0071,TER_DMM,Cold Truck,2026-04-19,40.0,7.0,85496.65,0.704225352112676,0.7,0.6950935852136826,0.6997729791087862,0.5,1.0,0.8658209093620429,0.25,0.6414912825797188,High,7
CUS_DMM_0014,TER_DMM,Cold Truck,2026-05-03,26.0,4.0,2724.63,0.9014084507042254,0.4,0.022151427396053015,0.4411866260334261,0.644,1.0,0.8658209093620429,0.75,0.6312567413495747,Medium,8
CUS_DMM_0030,TER_DMM,Cold Truck,2026-04-28,31.0,6.0,3859.2799999999997,0.8309859154929577,0.6,0.031376209144375375,0.4874540415457777,0.5,1.0,0.8658209093620429,0.75,0.6065637075545154,Medium,9
CUS_DMM_0069,TER_DMM,Cold Truck,2026-04-25,34.0,4.0,2941.2,0.7887323943661971,0.4,0.023912156240396356,0.40421485020219783,0.5,1.0,0.8658209093620429,1.0,0.5982680310170834,Medium,10
CUS_DMM_0045,TER_DMM,Cold Truck,2026-04-29,30.0,5.0,16652.9,0.8450704225352113,0.5,0.13538921074925084,0.49348654442815404,0.5,1.0,0.6542346480204728,0.75,0.587818082573309,Medium,11
CUS_DMM_0064,TER_DMM,Cold Truck,2026-04-16,43.0,4.0,3578.68,0.6619718309859155,0.4,0.029094912040793428,0.3636889143422363,0.5,1.0,1.0,0.75,0.5704755657368945,Medium,12
CUS_DMM_0084,TER_DMM,Cold Truck,2026-04-28,31.0,3.0,2017.74,0.8309859154929577,0.3,0.016404363570140537,0.3824634263543661,0.5,1.0,0.8658209093620429,0.75,0.5645674614779508,Medium,13
CUS_DMM_0060,TER_DMM,Cold Truck,2026-05-05,24.0,4.0,2864.98,0.9295774647887324,0.4,0.02329248245124805,0.4509566490799935,0.9199999999999999,1.0,0.0,0.0,0.5563826596319974,Medium,14
CUS_DMM_0026,TER_DMM,Cold Truck,2026-04-30,29.0,5.0,18992.47,0.8591549295774648,0.5,0.15441007412996077,0.5045216679024752,0.5,1.0,0.0,0.5,0.5018086671609902,Medium,15
CUS_DMM_0048,TER_DMM,Cold Truck,2026-04-26,33.0,4.0,3154.6800000000003,0.8028169014084507,0.4,0.025647763174368825,0.40948822152760656,0.5,1.0,0.6542346480204728,0.0,0.47921875341308995,Low,16
CUS_DMM_0058,TER_DMM,Cold Truck,2026-04-26,33.0,4.0,2084.43,0.8028169014084507,0.4,0.016946557810475105,0.406587819739642,0.08,1.0,0.8658209093620429,0.75,0.44821721883206106,Low,17
CUS_DMM_0035,TER_DMM,Cold Truck,2026-04-25,34.0,1.0,790.79,0.7887323943661971,0.1,0.006429176537924328,0.2983871903013738,0.11200000000000002,1.0,0.8658209093620429,1.0,0.4395369670567538,Low,18
CUS_DMM_0003,TER_DMM,Cold Truck,2026-04-21,38.0,5.0,10462.55,0.7323943661971831,0.5,0.0850612438028556,0.4391518700000128,0.08,1.0,0.8658209093620429,0.5,0.4362428389362094,Low,19
CUS_DMM_0049,TER_DMM,Cold Truck,2026-04-29,30.0,4.0,2779.23,0.8450704225352113,0.4,0.022595329113285996,0.42255525054949916,0.09333333333333332,1.0,0.4051576608267432,0.75,0.412537866302474,Low,20
CUS_DMM_0065,TER_DMM,Cold Truck,2026-04-29,30.0,3.0,2306.75,0.8450704225352113,0.3,0.01875403454628529,0.3879414856938322,0.06222222222222222,1.0,0.0,0.75,0.34884326094419954,Low,21
CUS_DMM_0037,TER_DMM,Normal Truck,2026-05-05,24.0,9.0,123000.2,0.9295774647887324,0.9,1.0,0.9431924882629108,0.896,1.0,1.0,0.25,0.8710769953051644,High,1
CUS_DMM_0021,TER_DMM,Normal Truck,2026-05-06,23.0,7.0,66512.09,0.9436619718309859,0.7,0.540747819922244,0.7281365972510766,0.9199999999999999,1.0,0.8658209093620429,1.0,0.8538367298366348,High,2
CUS_DMM_0088,TER_DMM,Normal Truck,2026-05-07,22.0,7.0,102436.01,0.9577464788732394,0.7,0.8328117352654711,0.8301860713795701,0.9199999999999999,1.0,0.4051576608267432,0.75,0.8235901946345023,High,3
CUS_DMM_0099,TER_DMM,Normal Truck,2026-05-04,25.0,5.0,65821.7,0.9154929577464789,0.5,0.5351349022196712,0.6502092866553834,0.9519999999999998,1.0,1.0,0.75,0.8206837146621533,High,4
CUS_DMM_0011,TER_DMM,Normal Truck,2026-05-07,22.0,7.0,29520.22,0.9577464788732394,0.7,0.24000139837170997,0.6325826257483164,0.9199999999999999,1.0,0.8658209093620429,1.0,0.8156151412355308,High,5
CUS_DMM_0050,TER_DMM,Normal Truck,2026-05-04,25.0,7.0,75695.29000000001,0.9154929577464789,0.7,0.6154078611254291,0.7436336062906359,0.9199999999999999,1.0,0.6542346480204728,0.75,0.8138769073183016,High,6
CUS_DMM_0098,TER_DMM,Normal Truck,2026-05-06,23.0,8.0,31669.86,0.9436619718309859,0.8,0.2574781179217595,0.6670466965842484,0.91,1.0,0.6542346480204728,1.0,0.8052421434357466,High,7
CUS_DMM_0070,TER_DMM,Normal Truck,2026-05-07,22.0,7.0,85847.8,0.9577464788732394,0.7,0.6979484586203926,0.7852316458312106,0.91,1.0,1.0,0.0,0.7870926583324842,High,8
CUS_DMM_0087,TER_DMM,Normal Truck,2026-05-10,19.0,5.0,18732.47,1.0,0.5,0.15229625642885136,0.550765418809617,1.0,1.0,1.0,0.5,0.7703061675238468,High,9
CUS_DMM_0068,TER_DMM,Normal Truck,2026-05-05,24.0,5.0,3935.0699999999997,0.9295774647887324,0.5,0.03199238700424877,0.4871899505976604,0.91,1.0,1.0,1.0,0.7678759802390641,High,10
CUS_DMM_0004,TER_DMM,Normal Truck,2026-05-04,25.0,8.0,88844.46,0.9154929577464789,0.8,0.7223115084365718,0.8126014887276836,0.9022222222222221,1.0,0.6542346480204728,0.0,0.7611307269597873,High,11
CUS_DMM_0044,TER_DMM,Normal Truck,2026-05-07,22.0,7.0,4518.75,0.9577464788732394,0.7,0.03673774514187782,0.5648280746717057,0.9022222222222221,1.0,0.8658209093620429,0.75,0.7581799874715531,High,12
CUS_DMM_0002,TER_DMM,Normal Truck,2026-05-09,20.0,6.0,4385.3,0.9859154929577465,0.6,0.035652787556443,0.5405227601713966,1.0,1.0,0.6542346480204728,0.75,0.7566325688706059,High,13
CUS_DMM_0091,TER_DMM,Normal Truck,2026-05-06,23.0,6.0,4781.38,0.9436619718309859,0.6,0.03887294492204078,0.5275116389176756,0.9199999999999999,1.0,0.8658209093620429,0.75,0.7485867465032745,High,14
CUS_DMM_0062,TER_DMM,Normal Truck,2026-05-09,20.0,6.0,18889.28,0.9859154929577465,0.6,0.15357113240466275,0.5798288751208031,0.9199999999999999,1.0,0.6542346480204728,0.75,0.7483550148503686,High,15
CUS_DMM_0043,TER_DMM,Normal Truck,2026-05-09,20.0,7.0,22524.95,0.9859154929577465,0.7,0.18312937702540322,0.6230149566610499,0.9799999999999999,1.0,1.0,0.0,0.7432059826644198,High,16
CUS_DMM_0020,TER_DMM,Normal Truck,2026-05-04,25.0,7.0,25968.260000000002,0.9154929577464789,0.7,0.21112372175004596,0.6088722264988415,0.9199999999999999,1.0,0.6542346480204728,0.5,0.7349723554015839,High,17
CUS_DMM_0083,TER_DMM,Normal Truck,2026-05-07,22.0,7.0,3657.47,0.9577464788732394,0.7,0.029735480104910398,0.5624939863260499,0.91,1.0,0.8658209093620429,0.5,0.7345796854666243,High,18
CUS_DMM_0013,TER_DMM,Normal Truck,2026-05-02,27.0,4.0,65127.12,0.8873239436619719,0.4,0.5294879195318382,0.6056039543979367,0.9333333333333332,1.0,0.8658209093620429,0.25,0.733823672695379,High,19
CUS_DMM_0051,TER_DMM,Normal Truck,2026-05-06,23.0,5.0,17167.53,0.9436619718309859,0.5,0.13957318768587368,0.5277450531722866,0.9333333333333332,1.0,0.4051576608267432,1.0,0.731613787351589,High,20
CUS_DMM_0093,TER_DMM,Normal Truck,2026-05-07,22.0,10.0,8362.52,0.9577464788732394,1.0,0.06798785693031394,0.6752447786011845,0.896,1.0,0.4051576608267432,0.5,0.7294136775231481,High,21
CUS_DMM_0056,TER_DMM,Normal Truck,2026-05-07,22.0,5.0,3334.7799999999997,0.9577464788732394,0.5,0.02711198843579116,0.49495282243634353,0.9333333333333332,1.0,1.0,0.5,0.7279811289745374,High,22
CUS_DMM_0009,TER_DMM,Normal Truck,2026-05-04,25.0,6.0,5048.53,0.9154929577464789,0.6,0.04104489260993072,0.5188459501188032,0.9199999999999999,1.0,1.0,0.25,0.7085383800475212,High,23
CUS_DMM_0008,TER_DMM,Normal Truck,2026-05-04,25.0,5.0,4147.65,0.9154929577464789,0.5,0.033720676876948165,0.4830712115411424,0.9199999999999999,1.0,0.8658209093620429,0.5,0.7058105755526612,High,24
CUS_DMM_0015,TER_DMM,Normal Truck,2026-05-05,24.0,6.0,4263.38,0.9295774647887324,0.6,0.0346615696559843,0.5214130114815722,0.91,1.0,0.4051576608267432,0.75,0.6970809706753032,Medium,25
CUS_DMM_0041,TER_DMM,Normal Truck,2026-04-27,32.0,7.0,96090.29000000001,0.8169014084507042,0.7,0.7812205996413015,0.7660406693640018,0.5,1.0,0.8658209093620429,0.5,0.692998358681805,Medium,26
CUS_DMM_0018,TER_DMM,Normal Truck,2026-05-03,26.0,3.0,2484.0699999999997,0.9014084507042254,0.3,0.02019565821844192,0.4072013696408891,0.9333333333333332,1.0,0.4051576608267432,1.0,0.6833963139390299,Medium,27
CUS_DMM_0029,TER_DMM,Normal Truck,2026-05-05,24.0,6.0,4275.3,0.9295774647887324,0.6,0.03475848006751209,0.5214453149520815,0.9333333333333332,1.0,0.4051576608267432,0.5,0.679093892063507,Medium,28
CUS_DMM_0016,TER_DMM,Normal Truck,2026-04-22,37.0,7.0,87540.53,0.7464788732394366,0.7,0.7117104687634654,0.7193964473343007,0.5,1.0,0.4051576608267432,1.0,0.6782743450163945,Medium,29
CUS_DMM_0090,TER_DMM,Normal Truck,2026-04-26,33.0,7.0,79891.29,0.8028169014084507,0.7,0.6495216267941027,0.7174461760675178,0.5,1.0,0.8658209093620429,0.5,0.6735605613632114,Medium,30
CUS_DMM_0040,TER_DMM,Normal Truck,2026-05-06,23.0,4.0,2073.98,0.9436619718309859,0.4,0.01686159859902667,0.45350785681000416,0.9199999999999999,1.0,0.6542346480204728,0.5,0.672826607526049,Medium,31
CUS_DMM_0005,TER_DMM,Normal Truck,2026-04-25,34.0,4.0,56746.72,0.7887323943661971,0.4,0.4613546969842326,0.5500290304501433,0.5,1.0,0.8658209093620429,1.0,0.6565937031162615,Medium,32
CUS_DMM_0057,TER_DMM,Normal Truck,2026-05-09,20.0,4.0,11928.74,0.9859154929577465,0.4,0.09698146832281573,0.49429898709352066,0.5444444444444444,1.0,1.0,0.75,0.6360529281707417,Medium,33
CUS_DMM_0072,TER_DMM,Normal Truck,2026-05-05,24.0,8.0,27958.13,0.9295774647887324,0.8,0.22730150032276372,0.6522929883704986,0.91,1.0,0.0,0.0,0.6339171953481995,Medium,34
CUS_DMM_0055,TER_DMM,Normal Truck,2026-04-26,33.0,6.0,92432.99,0.8028169014084507,0.6,0.7514865016479648,0.7181011343521385,0.5,1.0,0.4051576608267432,0.5,0.6277562198235298,Medium,35
CUS_DMM_0097,TER_DMM,Normal Truck,2026-05-09,20.0,4.0,2411.84,0.9859154929577465,0.4,0.01960842340093756,0.4685079721195613,0.58,1.0,0.6542346480204728,1.0,0.6268266536498718,Medium,36
CUS_DMM_0086,TER_DMM,Normal Truck,2026-04-30,29.0,4.0,12263.960000000001,0.8591549295774648,0.4,0.0997068297449923,0.4529539197741524,0.5,1.0,0.8658209093620429,1.0,0.6177636588458653,Medium,37
CUS_DMM_0047,TER_DMM,Normal Truck,2026-04-28,31.0,5.0,17025.1,0.8309859154929577,0.5,0.13841522208906976,0.48980037919400915,0.5,1.0,0.6542346480204728,1.0,0.611343616479651,Medium,38
CUS_DMM_0028,TER_DMM,Normal Truck,2026-04-28,31.0,5.0,19312.17,0.8309859154929577,0.5,0.15700925689551723,0.4959983907961583,0.5,1.0,0.8658209093620429,0.75,0.6099814472546676,Medium,39
CUS_DMM_0054,TER_DMM,Normal Truck,2026-04-21,38.0,6.0,4503.55,0.7323943661971831,0.6,0.03661416810704373,0.456336178101409,0.5,1.0,1.0,0.75,0.6075344712405635,Medium,40
CUS_DMM_0024,TER_DMM,Normal Truck,2026-04-26,33.0,6.0,22083.99,0.8028169014084507,0.6,0.17954434220432164,0.5274537478709241,0.5,1.0,0.4051576608267432,1.0,0.6014972652310439,Medium,41
CUS_DMM_0076,TER_DMM,Normal Truck,2026-04-26,33.0,4.0,43582.84,0.8028169014084507,0.4,0.3543314563716156,0.5190494525933554,0.5,1.0,0.6542346480204728,0.75,0.5980432458393894,Medium,42
CUS_DMM_0001,TER_DMM,Normal Truck,2026-04-22,37.0,6.0,24490.4,0.7464788732394366,0.6,0.19910861933557833,0.5151958308583383,0.5,1.0,0.6542346480204728,0.75,0.5965017971453825,Medium,43
CUS_DMM_0012,TER_DMM,Normal Truck,2026-05-05,24.0,5.0,3370.7200000000003,0.9295774647887324,0.5,0.02740418308262914,0.4856605492904538,0.91,1.0,0.0,0.25,0.5922642197161816,Medium,44
CUS_DMM_0036,TER_DMM,Normal Truck,2026-04-29,30.0,5.0,3576.1,0.8450704225352113,0.5,0.02907393646514396,0.4580481196667851,0.5,1.0,1.0,0.5,0.5832192478667141,Medium,45
CUS_DMM_0010,TER_DMM,Normal Truck,2026-04-30,29.0,4.0,3413.41,0.8591549295774648,0.4,0.02775125568901514,0.42896872842216,0.5,1.0,0.8658209093620429,0.75,0.5831695823050682,Medium,46
CUS_DMM_0059,TER_DMM,Normal Truck,2026-04-22,37.0,4.0,16477.59,0.7464788732394366,0.4,0.13396392851393737,0.42681426725112465,0.5,1.0,0.8658209093620429,0.75,0.5823077978366542,Medium,47
CUS_DMM_0067,TER_DMM,Normal Truck,2026-04-23,36.0,4.0,14867.130000000001,0.7605633802816901,0.4,0.12087077907190395,0.42714471978453133,0.5,1.0,1.0,0.5,0.5708578879138125,Medium,48
CUS_DMM_0081,TER_DMM,Normal Truck,2026-04-29,30.0,4.0,2003.39,0.8450704225352113,0.4,0.01628769709317546,0.42045270654279565,0.5,1.0,1.0,0.5,0.5681810826171183,Medium,49
CUS_DMM_0079,TER_DMM,Normal Truck,2026-04-16,43.0,3.0,6792.87,0.6619718309859155,0.3,0.055226495566673875,0.33906610885086313,0.5,1.0,0.6542346480204728,1.0,0.5510499083423925,Medium,50
CUS_DMM_0046,TER_DMM,Normal Truck,2026-04-20,39.0,5.0,2756.42,0.7183098591549296,0.5,0.02240988226035405,0.41357324713842786,0.5,1.0,0.6542346480204728,0.5,0.5308527636574185,Medium,51
CUS_DMM_0031,TER_DMM,Normal Truck,2026-04-28,31.0,3.0,2682.24,0.8309859154929577,0.3,0.021806793810091363,0.38426423643434976,0.5,1.0,0.6542346480204728,0.5,0.5191291593757873,Medium,52
CUS_DMM_0082,TER_DMM,Normal Truck,2026-04-01,58.0,1.0,927.75,0.4507042253521127,0.1,0.0075426706623241266,0.18608229867147896,0.5,1.0,0.8658209093620429,1.0,0.5110150104047958,Medium,53
CUS_DMM_0085,TER_DMM,Normal Truck,2026-04-15,44.0,6.0,66997.54000000001,0.647887323943662,0.6,0.5446945614722578,0.59752729513864,0.07,1.0,1.0,0.5,0.5100109180554561,Medium,54
CUS_DMM_0074,TER_DMM,Normal Truck,2026-04-21,38.0,2.0,993.8599999999999,0.7323943661971831,0.2,0.008080149463171604,0.31349150522011826,0.5,1.0,0.4051576608267432,0.75,0.4909123681707216,Medium,55
CUS_DMM_0034,TER_DMM,Normal Truck,2026-04-19,40.0,6.0,26366.85,0.704225352112676,0.6,0.21436428558652748,0.5061965458997345,0.08,1.0,0.8658209093620429,0.75,0.48806070929609807,Medium,56
CUS_DMM_0023,TER_DMM,Normal Truck,2026-04-25,34.0,7.0,22303.86,0.7887323943661971,0.7,0.1813319002733329,0.5566880982131767,0.06222222222222222,1.0,0.4051576608267432,1.0,0.4818576720346117,Low,57
CUS_DMM_0092,TER_DMM,Normal Truck,2026-04-21,38.0,4.0,2895.63,0.7323943661971831,0.4,0.023541669037936527,0.3853120117450399,0.5,1.0,0.0,0.5,0.4541248046980159,Low,58
CUS_DMM_0025,TER_DMM,Normal Truck,2026-03-26,64.0,2.0,9950.42,0.36619718309859156,0.2,0.08089759203643572,0.21569825837834244,0.5,1.0,0.8658209093620429,0.25,0.4478613942875413,Low,59
CUS_DMM_0017,TER_DMM,Normal Truck,2026-04-05,54.0,4.0,15589.82,0.5070422535211268,0.4,0.12674629797349923,0.34459618383154195,0.11200000000000002,1.0,1.0,0.75,0.44643847353261673,Low,60
CUS_DMM_0075,TER_DMM,Normal Truck,2026-04-29,30.0,5.0,78506.89,0.8450704225352113,0.5,0.6382663605425032,0.6611122610259048,0.09333333333333332,1.0,0.0,0.5,0.44244490441036194,Low,61
CUS_DMM_0066,TER_DMM,Normal Truck,2026-04-29,30.0,6.0,3122.37,0.8450704225352113,0.6,0.02538508067466557,0.49015183440329224,0.08,1.0,0.4051576608267432,0.75,0.43557649984399127,Low,62
CUS_DMM_0078,TER_DMM,Normal Truck,2026-04-28,31.0,5.0,4088.4700000000003,0.8309859154929577,0.5,0.03323953944790334,0.4547418183136203,0.09333333333333332,1.0,0.4051576608267432,0.75,0.4254124934081225,Low,63
CUS_DMM_0039,TER_DMM,Normal Truck,2026-04-14,45.0,3.0,2026.84,0.6338028169014085,0.3,0.016478347189679367,0.3167603880303626,0.06222222222222222,1.0,0.6542346480204728,1.0,0.41079428668085904,Low,64
CUS_DMM_0053,TER_DMM,Normal Truck,2026-03-17,73.0,1.0,12175.25,0.23943661971830985,0.1,0.09898561140550992,0.14614074370793992,0.5,1.0,0.0,1.0,0.4084562974831759,Low,65
CUS_DMM_0007,TER_DMM,Normal Truck,2026-04-28,31.0,2.0,894.91,0.8309859154929577,0.2,0.007275679226537843,0.34608719823983186,0.09333333333333332,1.0,1.0,0.25,0.3914348792959328,Low,66
CUS_DMM_0089,TER_DMM,Normal Truck,2026-04-28,31.0,5.0,4280.53,0.8309859154929577,0.5,0.034801000323576706,0.4552623052721782,0.06222222222222222,1.0,0.4051576608267432,0.5,0.3912873548582123,Low,67
CUS_DMM_0077,TER_DMM,Normal Truck,2026-04-09,50.0,1.0,583.55,0.5633802816901409,0.1,0.0047443012287784895,0.22270819430630642,0.5,1.0,0.0,0.5,0.38908327772252255,Low,68
CUS_DMM_0094,TER_DMM,Normal Truck,,90.0,0.0,0.0,0.0,0.0,0.0,0.0,0.5,1.0,0.8658209093620429,0.5,0.38658209093620427,Low,69
CUS_DMM_0022,TER_DMM,Normal Truck,2026-04-09,50.0,3.0,1919.54,0.5633802816901409,0.3,0.015605990884567668,0.2929954241915695,0.08,1.0,0.6542346480204728,0.75,0.3816216344786751,Low,70
CUS_DMM_0096,TER_DMM,Normal Truck,2026-04-15,44.0,2.0,3386.6,0.647887323943662,0.2,0.027533288563758432,0.2918068708358068,0.11200000000000002,1.0,1.0,0.25,0.3753227483343228,Low,71
CUS_DMM_0027,TER_DMM,Normal Truck,2026-04-07,52.0,2.0,6869.41,0.5352112676056338,0.2,0.05584877097760817,0.2636866795277473,0.5,1.0,0.0,0.0,0.35547467181109893,Low,72
CUS_DMM_0061,TER_DMM,Normal Truck,2026-04-05,54.0,3.0,2008.23,0.5070422535211268,0.3,0.01632704662268842,0.27445643338127174,0.11200000000000002,1.0,0.8658209093620429,0.25,0.35496466428871304,Low,73
CUS_DMM_0073,TER_DMM,Normal Truck,2026-03-11,79.0,2.0,3502.2400000000002,0.15492957746478872,0.2,0.02847344963666726,0.12780100903381866,0.5,1.0,0.4051576608267432,0.0,0.34163616969620175,Low,74
CUS_DMM_0100,TER_DMM,Normal Truck,2026-04-16,43.0,2.0,1324.5,0.6619718309859155,0.2,0.010768275173536304,0.29091336871981727,0.18666666666666665,1.0,0.0,0.5,0.32236534748792695,Low,75
CUS_DMM_0080,TER_DMM,Normal Truck,2026-04-28,31.0,2.0,1270.24,0.8309859154929577,0.2,0.010327137679450928,0.34710435105746956,0.09333333333333332,1.0,0.0,0.5,0.3168417404229878,Low,76
CUS_DMM_0032,TER_DMM,Normal Truck,2026-04-22,37.0,4.0,16257.35,0.7464788732394366,0.4,0.13217336231973606,0.42621741185305756,0.06222222222222222,1.0,0.0,0.25,0.31415363140788977,Low,77
CUS_DMM_0006,TER_DMM,Normal Truck,2026-04-19,40.0,3.0,1475.8400000000001,0.704225352112676,0.3,0.011998679676943616,0.3387413439298732,0.08,1.0,0.4051576608267432,0.0,0.3000123036546236,Low,78
CUS_DMM_0019,TER_DMM,Normal Truck,2026-03-24,66.0,2.0,1331.0700000000002,0.3380281690140845,0.2,0.010821689720829723,0.18294995291163807,0.11200000000000002,1.0,0.0,0.0,0.20677998116465524,Low,79
CUS_JED_0083,TER_JED,Cold Truck,2026-05-06,23.0,5.0,70653.97,0.9436619718309859,0.5555555555555556,0.6103785827814318,0.7031987033893244,0.8214285714285714,0.0,1.0,1.0,0.7277080527843012,High,1
CUS_JED_0071,TER_JED,Cold Truck,2026-05-05,24.0,5.0,57023.19,0.9295774647887324,0.5555555555555556,0.4926224796409362,0.659251833328408,0.8499999999999999,0.0,0.9913940432192438,0.75,0.6928401376532876,High,2
CUS_JED_0051,TER_JED,Cold Truck,2026-05-10,19.0,6.0,4555.32,1.0,0.6666666666666666,0.03935334087689498,0.5686733358478538,0.8749999999999999,0.0,1.0,0.75,0.6649693343391414,High,3
CUS_JED_0093,TER_JED,Cold Truck,2026-05-06,23.0,8.0,28026.559999999998,0.9436619718309859,0.8888888888888888,0.24212102976009364,0.6915572968266561,0.8125,0.0,0.5208437057978319,0.75,0.6474572893104458,High,4
CUS_JED_0066,TER_JED,Cold Truck,2026-04-29,30.0,7.0,79203.48,0.8450704225352113,0.7777777777777778,0.6842376709158378,0.7690286237429422,0.5,0.0,1.0,0.5,0.6076114494971769,High,5
CUS_JED_0043,TER_JED,Cold Truck,2026-05-09,20.0,7.0,5399.110000000001,0.9859154929577465,0.7777777777777778,0.046642829979420215,0.6034453669049814,0.8499999999999999,0.0,1.0,0.0,0.5963781467619925,High,6
CUS_JED_0087,TER_JED,Cold Truck,2026-05-09,20.0,8.0,7495.17,0.9859154929577465,0.8888888888888888,0.06475066075276315,0.6465183475331329,0.8499999999999999,0.0,0.5208437057978319,0.25,0.5906917095930364,Medium,7
CUS_JED_0054,TER_JED,Cold Truck,2026-05-06,23.0,4.0,2692.67,0.9436619718309859,0.4444444444444444,0.023261935578398184,0.4704561172846095,0.8749999999999999,0.0,0.5208437057978319,0.75,0.577766817493627,Medium,8
CUS_JED_0055,TER_JED,Cold Truck,2026-05-10,19.0,4.0,12616.89,1.0,0.4444444444444444,0.10899712269967587,0.5178138557147068,0.8499999999999999,0.0,0.521877775201855,0.5,0.5643133198060682,Medium,9
CUS_JED_0035,TER_JED,Cold Truck,2026-05-10,19.0,3.0,1497.46,1.0,0.3333333333333333,0.012936534388257063,0.44875662257386345,0.8749999999999999,0.0,0.0,0.75,0.5170026490295454,Medium,10
CUS_JED_0073,TER_JED,Cold Truck,2026-04-21,38.0,4.0,16765.34,0.7323943661971831,0.4444444444444444,0.1448355197740318,0.44055811013855317,0.5,0.0,0.521877775201855,0.5,0.42841102157560673,Medium,11
CUS_JED_0036,TER_JED,Cold Truck,2026-04-20,39.0,3.0,6957.58,0.7183098591549296,0.3333333333333333,0.06010642883886686,0.3705832071090433,0.5,0.0,0.5208437057978319,0.75,0.42531765342340055,Medium,12
CUS_JED_0045,TER_JED,Cold Truck,2026-04-11,48.0,2.0,21539.42,0.5915492957746479,0.2222222222222222,0.18607872499640185,0.33328341433109065,0.5,0.0,1.0,0.25,0.40831336573243626,Medium,13
CUS_JED_0038,TER_JED,Cold Truck,2026-04-13,46.0,6.0,4714.19,0.6197183098591549,0.6666666666666666,0.040725816414313276,0.4423702643133782,0.5,0.0,0.0,0.75,0.4019481057253513,Medium,14
CUS_JED_0033,TER_JED,Cold Truck,2026-04-13,46.0,2.0,13659.84,0.6197183098591549,0.2222222222222222,0.11800715204285213,0.31998256137474307,0.5,0.0,0.0,0.5,0.3279930245498972,Low,15
CUS_JED_0099,TER_JED,Cold Truck,2026-04-01,58.0,2.0,1130.16,0.4507042253521127,0.2222222222222222,0.00976343521979392,0.2275632942647096,0.5,0.0,0.0,0.75,0.3160253177058838,Low,16
CUS_JED_0088,TER_JED,Cold Truck,2026-04-26,33.0,5.0,4932.23,0.8028169014084507,0.5555555555555556,0.042609460690631554,0.46699397255154595,0.07142857142857142,0.0,0.521877775201855,0.5,0.3104139379693753,Low,17
CUS_JED_0081,TER_JED,Cold Truck,2026-04-28,31.0,4.0,2095.9,0.8309859154929577,0.4444444444444444,0.018106448535752526,0.43117893615771824,0.07142857142857142,0.0,0.521877775201855,0.5,0.29608792341184426,Low,18
CUS_JED_0026,TER_JED,Cold Truck,2026-03-05,85.0,1.0,5295.25,0.07042253521126761,0.1111111111111111,0.04574558500355149,0.07575974377531007,0.07142857142857142,0.0,1.0,0.5,0.20173246893869545,Low,19
CUS_JED_0049,TER_JED,Normal Truck,2026-05-05,24.0,7.0,73111.84,0.9295774647887324,0.7777777777777778,0.6316120846959172,0.7796557757541424,0.8125,0.0,0.9913940432192438,1.0,0.7547517146235813,High,1
CUS_JED_0100,TER_JED,Normal Truck,2026-05-05,24.0,8.0,115754.34,0.9295774647887324,0.8888888888888888,1.0,0.9394887845592071,0.8125,0.0,0.5208437057978319,0.75,0.746629884403466,High,2
CUS_JED_0013,TER_JED,Normal Truck,2026-05-07,22.0,8.0,28531.61,0.9577464788732394,0.8888888888888888,0.24648414910404223,0.6977065056220568,0.8055555555555555,0.0,0.9913940432192438,1.0,0.7198886732374137,High,3
CUS_JED_0010,TER_JED,Normal Truck,2026-05-09,20.0,8.0,72739.51,0.9859154929577465,0.8888888888888888,0.6283955314332058,0.8343999710932803,0.8499999999999999,0.0,0.5208437057978319,0.75,0.7158443590170953,High,4
CUS_JED_0011,TER_JED,Normal Truck,2026-05-04,25.0,8.0,85211.6,0.9154929577464789,0.8888888888888888,0.7361417291135693,0.8468411919163125,0.8125,0.0,0.521877775201855,0.75,0.7096742542867105,High,5
CUS_JED_0089,TER_JED,Normal Truck,2026-05-04,25.0,8.0,102606.8,0.9154929577464789,0.8888888888888888,0.8864185999419115,0.8969334821924265,0.8125,0.0,0.5208437057978319,0.5,0.7046077634567539,High,6
CUS_JED_0091,TER_JED,Normal Truck,2026-05-07,22.0,6.0,23527.81,0.9577464788732394,0.6666666666666666,0.20325639626125466,0.6092231806003868,0.8055555555555555,0.0,0.9913940432192438,1.0,0.6844953432287457,High,7
CUS_JED_0070,TER_JED,Normal Truck,2026-05-04,25.0,9.0,31011.14,0.9154929577464789,1.0,0.26790477143232816,0.7277992430596024,0.7999999999999999,0.0,0.521877775201855,1.0,0.6833074747440263,High,8
CUS_JED_0009,TER_JED,Normal Truck,2026-05-06,23.0,6.0,64337.979999999996,0.9436619718309859,0.6666666666666666,0.5558148402902215,0.7220478262626248,0.8055555555555555,0.0,0.9913940432192438,0.5,0.6796252014936409,High,9
CUS_JED_0021,TER_JED,Normal Truck,2026-05-04,25.0,8.0,101749.56,0.9154929577464789,0.8888888888888888,0.8790129164919432,0.894464921042437,0.8055555555555555,0.0,0.521877775201855,0.25,0.6766404126038271,High,10
CUS_JED_0052,TER_JED,Normal Truck,2026-05-04,25.0,5.0,13694.68,0.9154929577464789,0.5555555555555556,0.11830813427816185,0.5297855491933987,0.8214285714285714,0.0,0.9913940432192438,1.0,0.6574821954278552,High,11
CUS_JED_0022,TER_JED,Normal Truck,2026-05-09,20.0,5.0,3821.09,0.9859154929577465,0.5555555555555556,0.0330103389643965,0.5248271291592329,0.8749999999999999,0.0,1.0,0.75,0.6474308516636931,High,12
CUS_JED_0002,TER_JED,Normal Truck,2026-05-07,22.0,9.0,34384.96,0.9577464788732394,1.0,0.2970511516026095,0.7515992101586163,0.8055555555555555,0.0,0.521877775201855,0.5,0.6444941282502987,High,13
CUS_JED_0086,TER_JED,Normal Truck,2026-05-10,19.0,6.0,5062.27,1.0,0.6666666666666666,0.043732874292229565,0.570133180319632,0.8749999999999999,0.0,0.521877775201855,1.0,0.6427410496480382,High,14
CUS_JED_0025,TER_JED,Normal Truck,2026-05-10,19.0,5.0,3047.91,1.0,0.5555555555555556,0.02633084858848489,0.5272954680480134,0.9166666666666665,0.0,0.521877775201855,1.0,0.6381059647393909,High,15
CUS_JED_0020,TER_JED,Normal Truck,2026-05-06,23.0,6.0,22190.43,0.9436619718309859,0.6666666666666666,0.1917027905821933,0.6006771430266152,0.8125,0.0,0.521877775201855,1.0,0.6362086347308317,High,16
CUS_JED_0068,TER_JED,Normal Truck,2026-05-10,19.0,4.0,2547.3,1.0,0.4444444444444444,0.022006086337669935,0.4888168435940381,1.0,0.0,0.9913940432192438,0.25,0.6196661417595396,High,17
CUS_JED_0082,TER_JED,Normal Truck,2026-05-05,24.0,6.0,4537.67,0.9295774647887324,0.6666666666666666,0.03920086279270393,0.5451483314160342,0.8214285714285714,0.0,0.521877775201855,1.0,0.6166756815151706,High,18
CUS_JED_0027,TER_JED,Normal Truck,2026-05-10,19.0,4.0,13703.91,1.0,0.4444444444444444,0.11838787210915806,0.5209441055178675,0.8499999999999999,0.0,1.0,0.5,0.613377642207147,High,19
CUS_JED_0016,TER_JED,Normal Truck,2026-05-10,19.0,5.0,4524.09,1.0,0.5555555555555556,0.03908354537721869,0.5315463669775914,0.8333333333333333,0.0,1.0,0.5,0.6126185467910366,High,20
CUS_JED_0030,TER_JED,Normal Truck,2026-05-05,24.0,6.0,18397.01,0.9295774647887324,0.6666666666666666,0.15893149233108667,0.585058541262162,0.8125,0.0,0.5208437057978319,0.75,0.6048577870846481,High,21
CUS_JED_0059,TER_JED,Normal Truck,2026-05-06,23.0,6.0,3361.54,0.9436619718309859,0.6666666666666666,0.029040293435218068,0.5464563106442902,0.8125,0.0,0.5208437057978319,0.75,0.5894168948374994,High,22
CUS_JED_0012,TER_JED,Normal Truck,2026-05-02,27.0,4.0,41480.08,0.8873239436619719,0.4444444444444444,0.3583457864301244,0.5633713915121802,0.5416666666666666,0.0,0.9913940432192438,1.0,0.5869879609267964,High,23
CUS_JED_0046,TER_JED,Normal Truck,2026-05-06,23.0,5.0,18547.03,0.9436619718309859,0.5555555555555556,0.16022751285178594,0.553148346746109,0.8499999999999999,0.0,0.5208437057978319,0.5,0.5783437092782268,High,24
CUS_JED_0003,TER_JED,Normal Truck,2026-04-30,29.0,6.0,20689.89,0.8591549295774648,0.6666666666666666,0.17873964812032103,0.5681870814548174,0.5,0.0,0.9913940432192438,1.0,0.5764142369038513,High,25
CUS_JED_0018,TER_JED,Normal Truck,2026-05-02,27.0,5.0,3439.85,0.8873239436619719,0.5555555555555556,0.02971681234586971,0.490865437187799,0.8125,0.0,0.5208437057978319,0.75,0.5671805454549028,Medium,26
CUS_JED_0078,TER_JED,Normal Truck,2026-05-09,20.0,3.0,37645.47,0.9859154929577465,0.3333333333333333,0.325218648389339,0.5481558248934729,0.8214285714285714,0.0,0.0,1.0,0.5656909013859606,Medium,27
CUS_JED_0072,TER_JED,Normal Truck,2026-05-07,22.0,4.0,3156.94,0.9577464788732394,0.4444444444444444,0.02727275711649343,0.47648789347805903,0.8214285714285714,0.0,0.5208437057978319,0.75,0.5641080993995782,Medium,28
CUS_JED_0034,TER_JED,Normal Truck,2026-05-04,25.0,2.0,1799.97,0.9154929577464789,0.2222222222222222,0.015549913722457405,0.3844216978970529,0.8499999999999999,0.0,0.5208437057978319,1.0,0.5608530497386043,Medium,29
CUS_JED_0024,TER_JED,Normal Truck,2026-05-05,24.0,5.0,4231.21,0.9295774647887324,0.5555555555555556,0.03655335946799058,0.5072287932707594,0.8333333333333333,0.0,0.5208437057978319,0.5,0.554975887888087,Medium,30
CUS_JED_0050,TER_JED,Normal Truck,2026-04-28,31.0,6.0,4260.97,0.8309859154929577,0.6666666666666666,0.03681045565980507,0.5114876792731432,0.5,0.0,1.0,1.0,0.5545950717092573,Medium,31
CUS_JED_0060,TER_JED,Normal Truck,2026-05-02,27.0,7.0,24474.98,0.8873239436619719,0.7777777777777778,0.2114389836268774,0.6255135683555424,0.8055555555555555,0.0,0.0,0.5,0.5418720940088836,Medium,32
CUS_JED_0096,TER_JED,Normal Truck,2026-05-02,27.0,5.0,2110.61,0.8873239436619719,0.5555555555555556,0.018233528004219974,0.4870376757405825,0.8214285714285714,0.0,0.0,1.0,0.5412436417248044,Medium,33
CUS_JED_0097,TER_JED,Normal Truck,2026-05-09,20.0,8.0,6313.38,0.9859154929577465,0.8888888888888888,0.05454119474051686,0.6431151921957173,0.861111111111111,0.0,0.0,0.25,0.5405794102116203,Medium,34
CUS_JED_0079,TER_JED,Normal Truck,2026-05-05,24.0,4.0,2775.58,0.9295774647887324,0.4444444444444444,0.02397819381977384,0.4660000343509835,0.8214285714285714,0.0,0.521877775201855,0.5,0.5350163626891503,Medium,35
CUS_JED_0029,TER_JED,Normal Truck,2026-05-09,20.0,5.0,22901.940000000002,0.9859154929577465,0.5555555555555556,0.19784951475685494,0.5797735210900523,0.5,0.0,1.0,0.5,0.531909408436021,Medium,36
CUS_JED_0001,TER_JED,Normal Truck,2026-04-21,38.0,4.0,42147.08,0.7323943661971831,0.4444444444444444,0.36410798938510647,0.5136489333422447,0.5,0.0,1.0,0.75,0.530459573336898,Medium,37
CUS_JED_0069,TER_JED,Normal Truck,2026-05-04,25.0,7.0,4844.97,0.9154929577464789,0.7777777777777778,0.041855622864766885,0.5783754527963412,0.8125,0.0,0.521877775201855,0.0,0.527287958638722,Medium,38
CUS_JED_0056,TER_JED,Normal Truck,2026-04-29,30.0,3.0,35196.68,0.8450704225352113,0.3333333333333333,0.30406358845810877,0.4941557814422177,0.5,0.0,0.9913940432192438,0.75,0.5218017168988114,Medium,39
CUS_JED_0042,TER_JED,Normal Truck,2026-05-05,24.0,4.0,2337.57,0.9295774647887324,0.4444444444444444,0.02019423202620308,0.46473871375312664,0.8333333333333333,0.0,0.521877775201855,0.25,0.5130832630214361,Medium,40
CUS_JED_0084,TER_JED,Normal Truck,2026-05-07,22.0,7.0,5533.49,0.9577464788732394,0.7777777777777778,0.04780373677565783,0.5944426644755584,0.8125,0.0,0.0,0.25,0.5065270657902233,Medium,41
CUS_JED_0007,TER_JED,Normal Truck,2026-05-10,19.0,4.0,2731.6,1.0,0.4444444444444444,0.023598251262112506,0.489347565235519,0.5178571428571428,0.0,0.521877775201855,1.0,0.503283946471536,Medium,42
CUS_JED_0044,TER_JED,Normal Truck,2026-05-07,22.0,3.0,1722.81,0.9577464788732394,0.3333333333333333,0.014883329644486763,0.43532104728368654,0.8125,0.0,0.0,0.75,0.49287841891347467,Medium,43
CUS_JED_0028,TER_JED,Normal Truck,2026-04-30,29.0,6.0,88460.12,0.8591549295774648,0.6666666666666666,0.7642056444708683,0.7633424135716665,0.07142857142857142,0.0,0.521877775201855,1.0,0.4789533143774235,Medium,44
CUS_JED_0057,TER_JED,Normal Truck,2026-04-30,29.0,3.0,13985.039999999999,0.8591549295774648,0.3333333333333333,0.12081654994534113,0.43776827095204635,0.5,0.0,0.521877775201855,1.0,0.4772950859010041,Medium,45
CUS_JED_0095,TER_JED,Normal Truck,2026-04-23,36.0,3.0,2478.06,0.7605633802816901,0.3333333333333333,0.021407923020424116,0.37176821221181583,0.5,0.0,1.0,0.75,0.4737072848847263,Medium,46
CUS_JED_0019,TER_JED,Normal Truck,2026-04-27,32.0,4.0,2423.77,0.8169014084507042,0.4444444444444444,0.02093891252803135,0.42742825514106,0.5,0.0,0.9913940432192438,0.5,0.47011070637834834,Medium,47
CUS_JED_0098,TER_JED,Normal Truck,2026-04-18,41.0,5.0,2821.7200000000003,0.6901408450704225,0.5555555555555556,0.02437679658490559,0.4233577324036279,0.5,0.0,0.9913940432192438,0.5,0.4684824972833755,Medium,48
CUS_JED_0067,TER_JED,Normal Truck,2026-04-28,31.0,6.0,23555.93,0.8309859154929577,0.6666666666666666,0.20349932451776756,0.5670506355591307,0.5,0.0,0.521877775201855,0.25,0.4540080317438378,Medium,49
CUS_JED_0092,TER_JED,Normal Truck,2026-04-20,39.0,4.0,16412.68,0.7183098591549296,0.4444444444444444,0.14178889534509032,0.43484773298148816,0.5,0.0,0.521877775201855,0.75,0.4511268707127808,Medium,50
CUS_JED_0061,TER_JED,Normal Truck,2026-04-28,31.0,4.0,13341.369999999999,0.8309859154929577,0.4444444444444444,0.11525589450900933,0.4635620848154705,0.5,0.0,0.5208437057978319,0.5,0.4375092045059714,Medium,51
CUS_JED_0080,TER_JED,Normal Truck,2026-04-08,51.0,3.0,2732.02,0.5492957746478874,0.3333333333333333,0.023601879635787307,0.302076995872336,0.5,0.0,0.521877775201855,1.0,0.42301857586911995,Medium,52
CUS_JED_0077,TER_JED,Normal Truck,2026-04-28,31.0,7.0,4318.31,0.8309859154929577,0.7777777777777778,0.03730581505626485,0.5486898361090001,0.5,0.0,0.0,0.5,0.41947593444360004,Medium,53
CUS_JED_0075,TER_JED,Normal Truck,2026-04-28,31.0,3.0,2853.0299999999997,0.8309859154929577,0.3333333333333333,0.02464728320337708,0.39632217734322267,0.5,0.0,0.521877775201855,0.5,0.4107166484574746,Medium,54
CUS_JED_0014,TER_JED,Normal Truck,2026-04-16,43.0,2.0,7710.43,0.6619718309859155,0.2222222222222222,0.06661028865094822,0.3169347806196953,0.5,0.0,0.5208437057978319,0.75,0.40385828282766134,Medium,55
CUS_JED_0037,TER_JED,Normal Truck,2026-04-30,29.0,5.0,4451.57,0.8591549295774648,0.5555555555555556,0.03845704618936966,0.4843891771074633,0.5,0.0,0.0,0.5,0.3937556708429853,Medium,56
CUS_JED_0015,TER_JED,Normal Truck,2026-04-29,30.0,6.0,19717.44,0.8450704225352113,0.6666666666666666,0.170338667215415,0.5606919188057643,0.0625,0.0,1.0,0.5,0.39302676752230575,Medium,57
CUS_JED_0085,TER_JED,Normal Truck,2026-04-14,45.0,5.0,3155.8599999999997,0.6338028169014085,0.5555555555555556,0.027263427012758225,0.4055405998232408,0.5,0.0,0.5208437057978319,0.25,0.3893006105090796,Low,58
CUS_JED_0064,TER_JED,Normal Truck,2026-04-12,47.0,5.0,3966.48,0.6056338028169014,0.5555555555555556,0.03426636098482355,0.3984852397857601,0.5,0.0,0.0,0.75,0.38439409591430407,Low,59
CUS_JED_0094,TER_JED,Normal Truck,2026-04-19,40.0,5.0,64222.7,0.704225352112676,0.5555555555555556,0.554818938106338,0.6048666152581899,0.08333333333333333,0.0,1.0,0.0,0.366946646103276,Low,60
CUS_JED_0074,TER_JED,Normal Truck,2026-04-23,36.0,5.0,69530.47,0.7605633802816901,0.5555555555555556,0.6006726832013383,0.6389305396795281,0.0625,0.0,0.0,0.75,0.3493222158718112,Low,61
CUS_JED_0004,TER_JED,Normal Truck,2026-04-27,32.0,3.0,1580.9499999999998,0.8169014084507042,0.3333333333333333,0.013657803240897921,0.3879641816749784,0.05555555555555555,0.0,0.9913940432192438,0.75,0.3459917436585825,Low,62
CUS_JED_0031,TER_JED,Normal Truck,2026-04-27,32.0,4.0,2779.7799999999997,0.8169014084507042,0.4444444444444444,0.024014477556521852,0.4284534434838902,0.07142857142857142,0.0,0.9913940432192438,0.5,0.3419493531440519,Low,63
CUS_JED_0039,TER_JED,Normal Truck,2026-04-30,29.0,4.0,12442.85,0.8591549295774648,0.4444444444444444,0.10749359376071775,0.47036432259420896,0.08333333333333333,0.0,0.5208437057978319,0.75,0.3402300996174668,Low,64
CUS_JED_0076,TER_JED,Normal Truck,2026-04-29,30.0,3.0,1486.0600000000002,0.8450704225352113,0.3333333333333333,0.012838049959941028,0.3970806019428285,0.08333333333333333,0.0,0.521877775201855,1.0,0.3360200182973169,Low,65
CUS_JED_0090,TER_JED,Normal Truck,2026-04-09,50.0,2.0,24950.15,0.5633802816901409,0.2222222222222222,0.2155439701008187,0.3337154913377272,0.07142857142857142,0.0,1.0,0.75,0.3299147679636623,Low,66
CUS_JED_0063,TER_JED,Normal Truck,2026-03-23,67.0,2.0,2139.21,0.323943661971831,0.2222222222222222,0.01848060297350406,0.18821549572251908,0.5,0.0,0.0,1.0,0.3252861982890076,Low,67
CUS_JED_0058,TER_JED,Normal Truck,2026-04-18,41.0,5.0,2688.56,0.6901408450704225,0.5555555555555556,0.023226429350294772,0.42297427665875764,0.07142857142857142,0.0,0.5208437057978319,0.75,0.3177026526718577,Low,68
CUS_JED_0048,TER_JED,Normal Truck,2026-04-28,31.0,3.0,10498.85,0.8309859154929577,0.3333333333333333,0.0906994070373517,0.4183395519545476,0.07142857142857142,0.0,0.5208437057978319,0.75,0.3158487627901737,Low,69
CUS_JED_0040,TER_JED,Normal Truck,2026-04-25,34.0,3.0,1841.59,0.7887323943661971,0.3333333333333333,0.015909468275660334,0.37932506532506366,0.0625,0.0,0.9913940432192438,0.25,0.2946194304519499,Low,70
CUS_JED_0006,TER_JED,Normal Truck,2026-04-13,46.0,4.0,12980.380000000001,0.6197183098591549,0.4444444444444444,0.11213730733551763,0.3921000205463723,0.10000000000000002,0.0,1.0,0.0,0.28684000821854894,Low,71
CUS_JED_0065,TER_JED,Normal Truck,2026-04-11,48.0,4.0,16100.3,0.5915492957746479,0.4444444444444444,0.13909024922953211,0.39169466314954143,0.08333333333333333,0.0,0.521877775201855,0.5,0.2838656427800021,Low,72
CUS_JED_0047,TER_JED,Normal Truck,2026-04-23,36.0,3.0,2369.85,0.7605633802816901,0.3333333333333333,0.02047309846006638,0.37145660402502995,0.10000000000000002,0.0,0.5208437057978319,0.5,0.2806670121897952,Low,73
CUS_JED_0005,TER_JED,Normal Truck,2026-04-20,39.0,2.0,6021.4400000000005,0.7183098591549296,0.2222222222222222,0.05201912947713235,0.33085040361809476,0.0625,0.0,0.521877775201855,0.75,0.27827793896742337,Low,74
CUS_JED_0008,TER_JED,Normal Truck,,90.0,0.0,0.0,0.0,0.0,0.0,0.0,0.5,0.0,0.521877775201855,0.75,0.27718777752018553,Low,75
CUS_JED_0062,TER_JED,Normal Truck,2026-03-18,72.0,1.0,3646.41,0.2535211267605634,0.1111111111111111,0.03150128107507675,0.13204450631558376,0.05555555555555555,0.0,0.9913940432192438,1.0,0.26862387351482453,Low,76
CUS_JED_0041,TER_JED,Normal Truck,2026-04-30,29.0,3.0,2248.65,0.8591549295774648,0.3333333333333333,0.019426053485338,0.40397143879871206,0.08333333333333333,0.0,0.5208437057978319,0.25,0.263672946099268,Low,77
CUS_JED_0017,TER_JED,Normal Truck,2026-03-15,75.0,2.0,486.13,0.2112676056338028,0.2222222222222222,0.004199669748883713,0.14589649920163625,0.08333333333333333,0.0,1.0,0.75,0.2583585996806545,Low,78
CUS_JED_0053,TER_JED,Normal Truck,2026-04-14,45.0,2.0,1674.24,0.6338028169014085,0.2222222222222222,0.014463734145950813,0.29016292442319386,0.125,0.0,0.5208437057978319,0.5,0.25564954034906073,Low,79
CUS_JED_0032,TER_JED,Normal Truck,2026-04-28,31.0,3.0,9589.95,0.8309859154929577,0.3333333333333333,0.08284743362538287,0.41572222748389126,0.0625,0.0,0.0,0.5,0.23503889099355652,Low,80
CUS_JED_0023,TER_JED,Normal Truck,2026-03-31,59.0,2.0,973.08,0.43661971830985913,0.2222222222222222,0.00840642346541823,0.22241612133249986,0.07142857142857142,0.0,0.5208437057978319,0.5,0.21247939054135456,Low,81
CUS_RUH_0015,TER_RUH,Cold Truck,2026-05-10,19.0,8.0,88375.02,1.0,0.8888888888888888,0.7932054774651609,0.8940314554513499,0.9545454545454546,0.9064334063852622,1.0,1.0,0.9346195591827026,High,1
CUS_RUH_0057,TER_RUH,Cold Truck,2026-05-03,26.0,6.0,76509.95,0.9014084507042254,0.6666666666666666,0.686711147794768,0.7515954217218868,0.9090909090909091,0.9064334063852622,0.7106088824589147,1.0,0.8350696703004451,High,2
CUS_RUH_0097,TER_RUH,Cold Truck,2026-05-10,19.0,9.0,28282.92,1.0,1.0,0.25385190365681326,0.7512839678856045,0.8727272727272728,0.9064334063852622,0.7106088824589147,0.75,0.7990359978568413,High,3
CUS_RUH_0027,TER_RUH,Cold Truck,2026-05-06,23.0,5.0,3201.86,0.9436619718309859,0.5555555555555556,0.02873813086635341,0.5093185527509649,0.8961038961038962,0.9064334063852622,1.0,1.0,0.763201930570081,High,4
CUS_RUH_0011,TER_RUH,Cold Truck,2026-05-09,20.0,6.0,3967.93,0.9859154929577465,0.6666666666666666,0.035613953017474116,0.5627320375472957,0.9393939393939394,0.9064334063852622,0.7106088824589147,0.75,0.7436152257215178,High,5
CUS_RUH_0078,TER_RUH,Cold Truck,2026-05-07,22.0,4.0,15931.029999999999,0.9577464788732394,0.4444444444444444,0.14298814594510756,0.5150596897542637,0.9090909090909091,0.9064334063852622,0.7106088824589147,1.0,0.740455377513396,High,6
CUS_RUH_0081,TER_RUH,Cold Truck,2026-05-02,27.0,3.0,32176.06,0.8873239436619719,0.3333333333333333,0.2887945828498558,0.5031506199483871,0.9272727272727272,0.9064334063852622,0.6212623227840786,0.75,0.7072116390781071,High,7
CUS_RUH_0012,TER_RUH,Cold Truck,2026-05-05,24.0,5.0,19784.9,0.9295774647887324,0.5555555555555556,0.17757835925921672,0.5542371265345015,0.8961038961038962,0.9064334063852622,0.09387423247727206,0.5,0.640556783331223,Medium,8
CUS_RUH_0047,TER_RUH,Cold Truck,2026-04-21,38.0,6.0,73332.6,0.7323943661971831,0.6666666666666666,0.6581930051813472,0.6857513460150656,0.5,0.9064334063852622,0.7106088824589147,0.5,0.636004767290444,Medium,9
CUS_RUH_0036,TER_RUH,Cold Truck,2026-05-02,27.0,4.0,3233.87,0.8873239436619719,0.4444444444444444,0.029025434986156264,0.4535979410308575,0.9090909090909091,0.9064334063852622,0.09387423247727206,0.75,0.6291972130258692,Medium,10
CUS_RUH_0099,TER_RUH,Cold Truck,2026-05-04,25.0,4.0,4325.88,0.9154929577464789,0.4444444444444444,0.03882671495697529,0.4662547057159661,0.9090909090909091,0.9064334063852622,0.09387423247727206,0.5,0.6092599188999126,Medium,11
CUS_RUH_0028,TER_RUH,Cold Truck,2026-04-28,31.0,3.0,2368.18,0.8309859154929577,0.3333333333333333,0.021255478614018355,0.3951915758134365,0.5,0.9064334063852622,1.0,1.0,0.5987199709639007,Medium,12
CUS_RUH_0072,TER_RUH,Cold Truck,2026-04-02,57.0,4.0,44753.270000000004,0.4647887323943662,0.4444444444444444,0.4016806887113266,0.43697128851671246,0.5,0.9064334063852622,1.0,0.75,0.5904318560452111,Medium,13
CUS_RUH_0073,TER_RUH,Cold Truck,2026-04-29,30.0,3.0,12832.0,0.8450704225352113,0.3333333333333333,0.1151729604907919,0.43119223878644547,0.5,0.9064334063852622,1.0,0.75,0.5881202361531044,Medium,14
CUS_RUH_0100,TER_RUH,Cold Truck,2026-05-04,25.0,5.0,2527.16,0.9154929577464789,0.5555555555555556,0.02268239548269246,0.4979103029282423,0.8863636363636365,0.9064334063852622,0.0,0.25,0.5807165527189141,Medium,15
CUS_RUH_0092,TER_RUH,Cold Truck,2026-04-15,44.0,5.0,57406.29,0.647887323943662,0.5555555555555556,0.5152472233551233,0.572896700951447,0.5,0.9064334063852622,0.7106088824589147,0.25,0.5658629092649965,Medium,16
CUS_RUH_0055,TER_RUH,Cold Truck,2026-03-31,59.0,3.0,2315.26,0.43661971830985913,0.3333333333333333,0.020780497857380835,0.26357784983352445,0.5,0.9064334063852622,0.7106088824589147,1.0,0.5171353688178275,Low,17
CUS_RUH_0046,TER_RUH,Cold Truck,2026-05-09,20.0,1.0,764.94,0.9859154929577465,0.1111111111111111,0.006865679893845571,0.3679640946542344,0.564935064935065,0.9064334063852622,0.0,0.75,0.48230949798073947,Low,18
CUS_RUH_0034,TER_RUH,Cold Truck,2026-04-09,50.0,2.0,1839.96,0.5633802816901409,0.2222222222222222,0.01651446698758085,0.26737232363331465,0.5,0.9064334063852622,0.6212623227840786,0.5,0.45971850237025996,Low,19
CUS_RUH_0004,TER_RUH,Cold Truck,2026-04-26,33.0,6.0,4034.77,0.8028169014084507,0.6666666666666666,0.0362138720230231,0.5018991466993802,0.06818181818181819,0.9064334063852622,0.0,1.0,0.41185754477282377,Low,20
CUS_RUH_0059,TER_RUH,Cold Truck,2026-04-20,39.0,3.0,2512.23,0.7183098591549296,0.3333333333333333,0.02254839203037579,0.3580638615062129,0.10909090909090911,0.9064334063852622,0.6212623227840786,0.5,0.3787223902466919,Low,21
CUS_RUH_0096,TER_RUH,Cold Truck,2026-04-29,30.0,1.0,666.3,0.8450704225352113,0.1111111111111111,0.005980341612766104,0.32072062508636284,0.060606060606060615,0.9064334063852622,0.09387423247727206,1.0,0.34650083210261673,Low,22
CUS_RUH_0026,TER_RUH,Normal Truck,2026-05-05,24.0,9.0,108556.11,0.9295774647887324,1.0,0.9743398198304286,0.967972428206387,0.8727272727272728,0.9064334063852622,1.0,1.0,0.9396504937392628,High,1
CUS_RUH_0049,TER_RUH,Normal Truck,2026-05-09,20.0,8.0,111415.04000000001,0.9859154929577465,0.8888888888888888,1.0,0.9582681272822118,0.9393939393939394,0.9064334063852622,0.6212623227840786,0.75,0.8928950056480005,High,2
CUS_RUH_0053,TER_RUH,Normal Truck,2026-05-05,24.0,8.0,97032.98,0.9295774647887324,0.8888888888888888,0.8709145551623909,0.8964603029466707,0.8787878787878788,0.9064334063852622,0.7106088824589147,1.0,0.8839247136994496,High,3
CUS_RUH_0020,TER_RUH,Normal Truck,2026-05-05,24.0,7.0,87743.48000000001,0.9295774647887324,0.7777777777777778,0.7875371224567168,0.8316307883410756,0.8961038961038962,0.9064334063852622,0.7106088824589147,1.0,0.8631877130520168,High,4
CUS_RUH_0056,TER_RUH,Normal Truck,2026-05-04,25.0,6.0,69173.72,0.9154929577464789,0.6666666666666666,0.6208651901933526,0.7343416048688326,0.9090909090909091,0.9064334063852622,1.0,0.75,0.832107255313332,High,5
CUS_RUH_0076,TER_RUH,Normal Truck,2026-05-09,20.0,4.0,57748.67,0.9859154929577465,0.4444444444444444,0.5183202375550015,0.649560058319064,0.9090909090909091,0.9064334063852622,1.0,0.75,0.7981946366934245,High,6
CUS_RUH_0001,TER_RUH,Normal Truck,2026-05-05,24.0,9.0,36225.68,0.9295774647887324,1.0,0.3251417402892823,0.7515730683593382,0.8787878787878788,0.9064334063852622,0.09387423247727206,1.0,0.7642963548663523,High,7
CUS_RUH_0048,TER_RUH,Normal Truck,2026-05-04,25.0,7.0,4736.150000000001,0.9154929577464789,0.7777777777777778,0.04250907238376435,0.5785932693026737,0.8863636363636365,0.9064334063852622,1.0,0.75,0.7629897392686866,High,8
CUS_RUH_0002,TER_RUH,Normal Truck,2026-05-05,24.0,5.0,51768.38,0.9295774647887324,0.5555555555555556,0.464644450156819,0.649925823500369,0.9090909090909091,0.9064334063852622,1.0,0.25,0.7483409427659465,High,9
CUS_RUH_0083,TER_RUH,Normal Truck,2026-05-05,24.0,5.0,17595.19,0.9295774647887324,0.5555555555555556,0.1579247290132463,0.5476859164525114,0.9090909090909091,0.9064334063852622,0.6212623227840786,1.0,0.7445712122252113,High,10
CUS_RUH_0054,TER_RUH,Normal Truck,2026-05-09,20.0,7.0,25603.37,0.9859154929577465,0.7777777777777778,0.2298017395138035,0.6644983367497759,0.9545454545454546,0.9064334063852622,0.0,1.0,0.7428063117020729,High,11
CUS_RUH_0044,TER_RUH,Normal Truck,2026-05-09,20.0,5.0,18376.19,0.9859154929577465,0.5555555555555556,0.1649345546166837,0.5688018677099952,0.9545454545454546,0.9064334063852622,0.6212623227840786,0.75,0.7416539563645685,High,12
CUS_RUH_0062,TER_RUH,Normal Truck,2026-05-10,19.0,5.0,19926.79,1.0,0.5555555555555556,0.17885188570591545,0.5781358137538236,0.8961038961038962,0.9064334063852622,0.7106088824589147,0.75,0.7367897232171161,High,13
CUS_RUH_0007,TER_RUH,Normal Truck,2026-05-06,23.0,4.0,8840.21,0.9436619718309859,0.4444444444444444,0.07934485326218074,0.48915042317920365,0.9272727272727272,0.9064334063852622,0.7106088824589147,1.0,0.7355462163379173,High,14
CUS_RUH_0085,TER_RUH,Normal Truck,2026-05-10,19.0,6.0,26071.09,1.0,0.6666666666666666,0.23399973648081981,0.6335554677158287,0.8961038961038962,0.9064334063852622,0.7106088824589147,0.5,0.7339575848019182,High,15
CUS_RUH_0035,TER_RUH,Normal Truck,2026-05-04,25.0,5.0,64612.520000000004,0.9154929577464789,0.5555555555555556,0.5799263725974518,0.6836582952998288,0.9272727272727272,0.9064334063852622,0.09387423247727206,0.75,0.726675900188003,High,16
CUS_RUH_0030,TER_RUH,Normal Truck,2026-05-09,20.0,6.0,23124.28,0.9859154929577465,0.6666666666666666,0.2075507938605057,0.6200443178283063,0.9740259740259741,0.9064334063852622,0.6212623227840786,0.25,0.7179950922560489,High,17
CUS_RUH_0017,TER_RUH,Normal Truck,2026-05-06,23.0,7.0,22868.579999999998,0.9436619718309859,0.7777777777777778,0.20525577157267094,0.6422318403938115,0.8961038961038962,0.9064334063852622,0.0,1.0,0.7163672456272197,High,18
CUS_RUH_0069,TER_RUH,Normal Truck,2026-05-06,23.0,6.0,3688.39,0.9436619718309859,0.6666666666666666,0.03310495602748067,0.5478111981750444,0.8961038961038962,0.9064334063852622,0.6212623227840786,0.75,0.7157252210181206,High,19
CUS_RUH_0045,TER_RUH,Normal Truck,2026-05-05,24.0,8.0,24669.73,0.9295774647887324,0.8888888888888888,0.22142190138781978,0.6799627516884804,0.8863636363636365,0.9064334063852622,0.09387423247727206,0.75,0.7129249554707364,High,20
CUS_RUH_0079,TER_RUH,Normal Truck,2026-05-07,22.0,5.0,3094.05,0.9577464788732394,0.5555555555555556,0.027770487718713738,0.5136908407158362,0.8863636363636365,0.9064334063852622,1.0,0.5,0.7120287678339516,High,21
CUS_RUH_0029,TER_RUH,Normal Truck,2026-05-06,23.0,6.0,22764.67,0.9436619718309859,0.6666666666666666,0.20432313267580388,0.6048839237244855,0.8961038961038962,0.9064334063852622,0.09387423247727206,1.0,0.7108155022072165,High,22
CUS_RUH_0033,TER_RUH,Normal Truck,2026-05-06,23.0,4.0,3210.38,0.9436619718309859,0.4444444444444444,0.028814601691118182,0.47230700598884945,0.8863636363636365,0.9064334063852622,0.6212623227840786,1.0,0.7076014662215647,High,23
CUS_RUH_0003,TER_RUH,Normal Truck,2026-04-28,31.0,6.0,50775.54,0.8309859154929577,0.6666666666666666,0.455733265455005,0.6511286158715431,0.5,0.9064334063852622,1.0,1.0,0.7010947869871434,High,24
CUS_RUH_0013,TER_RUH,Normal Truck,2026-05-05,24.0,6.0,24773.71,0.9295774647887324,0.6666666666666666,0.22235516856611098,0.6061997666738367,0.8727272727272728,0.9064334063852622,0.0,1.0,0.6949414291262427,Medium,25
CUS_RUH_0086,TER_RUH,Normal Truck,2026-05-09,20.0,7.0,5954.85,0.9859154929577465,0.7777777777777778,0.05344745197775812,0.6057135742377607,0.8787878787878788,0.9064334063852622,0.7106088824589147,0.25,0.6926260222158857,Medium,26
CUS_RUH_0088,TER_RUH,Normal Truck,2026-05-05,24.0,2.0,1910.81,0.9295774647887324,0.2222222222222222,0.017150377543283205,0.3896500215180793,1.0,0.9064334063852622,0.7106088824589147,0.75,0.6925642374916494,Medium,27
CUS_RUH_0075,TER_RUH,Normal Truck,2026-05-09,20.0,7.0,29792.92,0.9859154929577465,0.7777777777777778,0.2674048315200533,0.6770327007518592,0.8961038961038962,0.9064334063852622,0.09387423247727206,0.5,0.689675013018166,Medium,28
CUS_RUH_0042,TER_RUH,Normal Truck,2026-04-13,46.0,6.0,102168.09,0.6197183098591549,0.6666666666666666,0.9170044726457037,0.7344631497238417,0.5,0.9064334063852622,1.0,0.5,0.6844286005280629,Medium,29
CUS_RUH_0010,TER_RUH,Normal Truck,2026-05-10,19.0,7.0,24587.59,1.0,0.7777777777777778,0.2206846580138552,0.6661541452638776,0.9740259740259741,0.9064334063852622,0.09387423247727206,0.25,0.6837002141995968,Medium,30
CUS_RUH_0068,TER_RUH,Normal Truck,2026-05-10,19.0,5.0,2864.02,1.0,0.5555555555555556,0.02570586520455407,0.5270871402533699,0.9740259740259741,0.9064334063852622,0.09387423247727206,0.75,0.6780734121953937,Medium,31
CUS_RUH_0018,TER_RUH,Normal Truck,2026-05-05,24.0,5.0,2777.54,0.9295774647887324,0.5555555555555556,0.024929668382293806,0.5033542295755272,0.8961038961038962,0.9064334063852622,0.6212623227840786,0.5,0.6729424335783138,Medium,32
CUS_RUH_0050,TER_RUH,Normal Truck,2026-05-03,26.0,6.0,20728.91,0.9014084507042254,0.6666666666666666,0.18605127279045988,0.5847087967204506,0.564935064935065,0.9064334063852622,1.0,0.75,0.6690073788072259,Medium,33
CUS_RUH_0065,TER_RUH,Normal Truck,2026-04-23,36.0,7.0,90511.42,0.7605633802816901,0.7777777777777778,0.8123806265294164,0.7835739281962949,0.5,0.9064334063852622,0.6212623227840786,0.5,0.6661991441954521,Medium,34
CUS_RUH_0038,TER_RUH,Normal Truck,2026-05-03,26.0,2.0,5712.93,0.9014084507042254,0.2222222222222222,0.05127611137598658,0.39163559476747806,0.8961038961038962,0.9064334063852622,0.7106088824589147,0.75,0.6621896356225778,Medium,35
CUS_RUH_0037,TER_RUH,Normal Truck,2026-05-06,23.0,6.0,3656.8599999999997,0.9436619718309859,0.6666666666666666,0.032821960123157516,0.5477168662069366,0.8961038961038962,0.9064334063852622,0.0,0.75,0.6535612559524697,Medium,36
CUS_RUH_0051,TER_RUH,Normal Truck,2026-05-05,24.0,5.0,11633.9,0.9295774647887324,0.5555555555555556,0.10441947514446881,0.5298508318295855,0.8863636363636365,0.9064334063852622,0.09387423247727206,0.75,0.6528801875271786,Medium,37
CUS_RUH_0074,TER_RUH,Normal Truck,2026-05-02,27.0,5.0,3778.19,0.8873239436619719,0.5555555555555556,0.03391095134014223,0.4922634835192232,0.8787878787878788,0.9064334063852622,0.09387423247727206,0.75,0.6355725209303065,Medium,38
CUS_RUH_0095,TER_RUH,Normal Truck,2026-04-27,32.0,5.0,61265.46,0.8169014084507042,0.5555555555555556,0.5498850065484875,0.6407806568515825,0.5,0.9064334063852622,0.6212623227840786,0.75,0.634081835657567,Medium,39
CUS_RUH_0066,TER_RUH,Normal Truck,2026-05-10,19.0,2.0,1584.83,1.0,0.2222222222222222,0.014224560705628251,0.41214892764261685,0.9545454545454546,0.9064334063852622,0.6212623227840786,0.25,0.6289927803376172,Medium,40
CUS_RUH_0031,TER_RUH,Normal Truck,2026-05-07,22.0,4.0,3665.87,0.9577464788732394,0.4444444444444444,0.032902828917891154,0.47836458407852495,0.8961038961038962,0.9064334063852622,0.0,0.75,0.6258203431011051,Medium,41
CUS_RUH_0021,TER_RUH,Normal Truck,2026-04-22,37.0,6.0,75202.20999999999,0.7464788732394366,0.6666666666666666,0.6749735942292888,0.696039711378464,0.5,0.9064334063852622,0.0,1.0,0.6190592251899117,Medium,42
CUS_RUH_0016,TER_RUH,Normal Truck,2026-04-29,30.0,6.0,21987.57,0.8450704225352113,0.6666666666666666,0.19734831132313913,0.569695133508339,0.5,0.9064334063852622,0.7106088824589147,0.75,0.6145822822877534,Medium,43
CUS_RUH_0080,TER_RUH,Normal Truck,2026-04-13,46.0,5.0,20118.96,0.6197183098591549,0.5555555555555556,0.18057669772411336,0.45195018771294126,0.5,0.9064334063852622,1.0,0.75,0.5964234157237027,Medium,44
CUS_RUH_0070,TER_RUH,Normal Truck,2026-05-02,27.0,5.0,3334.08,0.8873239436619719,0.5555555555555556,0.029924864722033935,0.4909347879798538,0.5303030303030304,0.9064334063852622,1.0,0.5,0.5961081649213769,Medium,45
CUS_RUH_0019,TER_RUH,Normal Truck,2026-04-16,43.0,4.0,15592.01,0.6619718309859155,0.4444444444444444,0.1399452892535873,0.4154538548946491,0.5,0.9064334063852622,1.0,0.75,0.5818248825963859,Medium,46
CUS_RUH_0024,TER_RUH,Normal Truck,2026-05-05,24.0,3.0,1513.66,0.9295774647887324,0.3333333333333333,0.013585778006272762,0.42549885870944615,0.8961038961038962,0.9064334063852622,0.0,0.5,0.5796740529534736,Medium,47
CUS_RUH_0093,TER_RUH,Normal Truck,2026-05-02,27.0,3.0,1519.46,0.8873239436619719,0.3333333333333333,0.013637835609985868,0.41143170420176367,0.5454545454545455,0.9064334063852622,1.0,0.5,0.5688523859555954,Medium,48
CUS_RUH_0041,TER_RUH,Normal Truck,2026-05-03,26.0,4.0,45013.369999999995,0.9014084507042254,0.4444444444444444,0.4040152029743919,0.5832893660410206,0.5909090909090909,0.9064334063852622,0.09387423247727206,0.5,0.560619237575389,Medium,49
CUS_RUH_0008,TER_RUH,Normal Truck,2026-04-20,39.0,7.0,4447.48,0.7183098591549296,0.7777777777777778,0.039918129545167325,0.5120019221592916,0.5,0.9064334063852622,0.09387423247727206,1.0,0.5548315327499701,Medium,50
CUS_RUH_0067,TER_RUH,Normal Truck,2026-05-09,20.0,5.0,16695.34,0.9859154929577465,0.5555555555555556,0.14984817130613604,0.5637730732731461,0.5303030303030304,0.9064334063852622,0.0,0.75,0.5502434790386939,Medium,51
CUS_RUH_0084,TER_RUH,Normal Truck,2026-04-29,30.0,3.0,2122.76,0.8450704225352113,0.3333333333333333,0.019052723941040635,0.3991521599365284,0.5,0.9064334063852622,0.7106088824589147,0.75,0.546365092859029,Medium,52
CUS_RUH_0091,TER_RUH,Normal Truck,2026-04-23,36.0,5.0,2983.42,0.7605633802816901,0.5555555555555556,0.026777533805130795,0.44763215654745886,0.5,0.9064334063852622,0.7106088824589147,0.5,0.5407570915034012,Medium,53
CUS_RUH_0006,TER_RUH,Normal Truck,2026-04-27,32.0,4.0,15924.33,0.8169014084507042,0.4444444444444444,0.14292801043737002,0.46809128777750625,0.5,0.9064334063852622,0.09387423247727206,0.75,0.512267278997256,Medium,54
CUS_RUH_0089,TER_RUH,Normal Truck,2026-04-28,31.0,7.0,18566.940000000002,0.8309859154929577,0.7777777777777778,0.16664662149742082,0.5918034382560521,0.5,0.9064334063852622,0.09387423247727206,0.25,0.5117521391886743,Medium,55
CUS_RUH_0043,TER_RUH,Normal Truck,2026-04-30,29.0,5.0,17602.54,0.8591549295774648,0.5555555555555556,0.1579906985627793,0.5242337278985999,0.5,0.9064334063852622,0.09387423247727206,0.5,0.5097242550456934,Low,56
CUS_RUH_0061,TER_RUH,Normal Truck,2026-04-23,36.0,6.0,5059.47,0.7605633802816901,0.6666666666666666,0.0454110145273026,0.4908803538252198,0.5,0.9064334063852622,0.0,0.5,0.48699548216861416,Low,57
CUS_RUH_0023,TER_RUH,Normal Truck,2026-04-29,30.0,4.0,3166.15,0.8450704225352113,0.4444444444444444,0.028417617585561158,0.43931082818840556,0.5,0.9064334063852622,0.09387423247727206,0.5,0.4757550951616157,Low,58
CUS_RUH_0022,TER_RUH,Normal Truck,2026-04-22,37.0,4.0,2764.77,0.7464788732394366,0.4444444444444444,0.02481505189963581,0.40524612319450565,0.06818181818181819,0.9064334063852622,1.0,1.0,0.4731963353708739,Low,59
CUS_RUH_0087,TER_RUH,Normal Truck,2026-04-28,31.0,6.0,17363.11,0.8309859154929577,0.6666666666666666,0.15584170682880874,0.5511647629961444,0.06818181818181819,0.9064334063852622,0.6212623227840786,0.75,0.46869002356993733,Low,60
CUS_RUH_0071,TER_RUH,Normal Truck,2026-05-10,19.0,4.0,13611.4,1.0,0.4444444444444444,0.12216842537596359,0.522204289940136,0.5454545454545455,0.9064334063852622,0.0,0.0,0.4631614202509443,Low,61
CUS_RUH_0077,TER_RUH,Normal Truck,2026-04-20,39.0,4.0,1580.5299999999997,0.7183098591549296,0.4444444444444444,0.014185966275289221,0.39231342329155444,0.5,0.9064334063852622,0.09387423247727206,0.5,0.45695613320287526,Low,62
CUS_RUH_0009,TER_RUH,Normal Truck,2026-04-13,46.0,3.0,2382.04,0.6197183098591549,0.3333333333333333,0.02137987833599485,0.32481050717616106,0.5,0.9064334063852622,0.09387423247727206,0.75,0.4549549667567179,Low,63
CUS_RUH_0058,TER_RUH,Normal Truck,2026-04-22,37.0,3.0,2339.25,0.7464788732394366,0.3333333333333333,0.020995818876876945,0.3669360084832156,0.13636363636363638,0.9064334063852622,0.7106088824589147,0.75,0.42438772318679485,Low,64
CUS_RUH_0032,TER_RUH,Normal Truck,2026-04-14,45.0,3.0,1362.29,0.6338028169014085,0.3333333333333333,0.01222716430384982,0.3264544381795305,0.09090909090909091,0.9064334063852622,1.0,0.75,0.42349784318306577,Low,65
CUS_RUH_0082,TER_RUH,Normal Truck,2026-04-26,33.0,5.0,3247.2000000000003,0.8028169014084507,0.5555555555555556,0.029145077720207253,0.4625058448947379,0.07792207792207792,0.9064334063852622,0.0,1.0,0.3990223019730448,Low,66
CUS_RUH_0039,TER_RUH,Normal Truck,2026-03-28,62.0,2.0,1180.96,0.39436619718309857,0.2222222222222222,0.010599646151901933,0.20906268851907425,0.13636363636363638,0.9064334063852622,0.6212623227840786,0.75,0.3523037392336547,Low,67
CUS_RUH_0063,TER_RUH,Normal Truck,,90.0,0.0,0.0,0.0,0.0,0.0,0.0,0.5,0.9064334063852622,0.09387423247727206,1.0,0.3500307638862534,Low,68
CUS_RUH_0040,TER_RUH,Normal Truck,2026-04-08,51.0,5.0,3775.07,0.5492957746478874,0.5555555555555556,0.03388294793952414,0.37957809271432236,0.060606060606060615,0.9064334063852622,0.6212623227840786,0.25,0.34778262818448125,Low,69
CUS_RUH_0052,TER_RUH,Normal Truck,2026-04-22,37.0,5.0,3093.5600000000004,0.7464788732394366,0.5555555555555556,0.027766089748744876,0.44326683951457907,0.060606060606060615,0.9064334063852622,0.09387423247727206,0.5,0.3455193178739033,Low,70
CUS_RUH_0005,TER_RUH,Normal Truck,2026-04-26,33.0,5.0,2819.2,0.8028169014084507,0.5555555555555556,0.025303585584136572,0.46122534751604766,0.09090909090909091,0.9064334063852622,0.09387423247727206,0.25,0.33679363016539987,Low,71
CUS_RUH_0025,TER_RUH,Normal Truck,2026-04-29,30.0,4.0,2368.13,0.8450704225352113,0.4444444444444444,0.021255029841572556,0.43692329894040943,0.060606060606060615,0.9064334063852622,0.0,0.5,0.3335944783965082,Low,72
CUS_RUH_0064,TER_RUH,Normal Truck,2026-03-30,60.0,3.0,2268.61,0.4225352112676056,0.3333333333333333,0.02036179316544696,0.25874344592212867,0.060606060606060615,0.9064334063852622,0.6212623227840786,0.5,0.32444876946760376,Low,73
CUS_RUH_0098,TER_RUH,Normal Truck,2026-04-04,55.0,2.0,1818.78,0.49295774647887325,0.2222222222222222,0.016324366979538846,0.24383477856021143,0.07792207792207792,0.9064334063852622,0.6212623227840786,0.25,0.29868010771764203,Low,74
CUS_RUH_0060,TER_RUH,Normal Truck,2026-04-14,45.0,1.0,522.53,0.6338028169014085,0.1111111111111111,0.004689941322105166,0.24986795644487494,0.060606060606060615,0.9064334063852622,0.7106088824589147,0.0,0.2798332296441859,Low,75
CUS_RUH_0014,TER_RUH,Normal Truck,2026-04-19,40.0,3.0,1742.68,0.704225352112676,0.3333333333333333,0.015641335317027216,0.35106667358767885,0.10909090909090911,0.9064334063852622,0.0,0.0,0.26379728280087045,Low,76
CUS_RUH_0094,TER_RUH,Normal Truck,2026-04-22,37.0,1.0,533.91,0.7464788732394366,0.1111111111111111,0.0047920819307698485,0.2874606887604392,0.06818181818181819,0.9064334063852622,0.09387423247727206,0.25,0.26046958484497457,Low,77
CUS_RUH_0090,TER_RUH,Normal Truck,,90.0,0.0,0.0,0.0,0.0,0.0,0.0,0.07792207792207792,0.9064334063852622,0.09387423247727206,1.0,0.2234073872628768,Low,78
