customer_id,territory_id,last_successful_visit,recency,frequency,monetary,r_score,f_score,m_score,rfm_combined,seasonality_score,territory_score,locality_score,rating_score,final_customer_score,rfm_segment_final,customer_rank
CUS_DMM_0012,TER_DMM,2026-05-10,18,11,128990.14,1.0,1.0,0.8918690258259231,0.9639563419419743,1.0,0.0,1.0,0.75,0.8605825367767899,High,1
CUS_DMM_0010,TER_DMM,2026-05-09,19,11,127815.87,0.9705882352941176,1.0,0.8836861363970535,0.9514247905637238,1.0,0.0,1.0,0.75,0.8555699162254895,High,2
CUS_DMM_0040,TER_DMM,2026-05-10,18,11,117368.58,1.0,1.0,0.8108842944856245,0.9369614314952082,1.0,0.0,0.747047193880315,0.75,0.8244892919861146,High,3
CUS_DMM_0003,TER_DMM,2026-05-10,18,10,144507.27,1.0,0.8888888888888888,1.0,0.9629629629629629,1.0,0.0,0.6060083139980093,0.75,0.8207860165849861,High,4
CUS_DMM_0093,TER_DMM,2026-05-09,19,11,125797.6,0.9705882352941176,1.0,0.8696218409219036,0.9467366920720072,1.0,0.0,0.41536748510008015,1.0,0.8202314253388109,High,5
CUS_DMM_0067,TER_DMM,2026-05-10,18,11,114515.89,1.0,1.0,0.7910053511039136,0.9303351170346379,1.0,0.0,0.41536748510008015,0.75,0.7886707953238632,High,6
CUS_DMM_0084,TER_DMM,2026-05-04,24,10,131536.08,0.8235294117647058,0.8888888888888888,0.9096103847233963,0.8740095617923304,0.9513513513513514,0.0,1.0,0.5,0.7850092301223376,High,7
CUS_DMM_0100,TER_DMM,2026-05-07,21,10,117871.93,0.9117647058823529,0.8888888888888888,0.8143918842171355,0.8716818263294591,0.9513513513513514,0.0,0.747047193880315,0.75,0.7837828553252206,High,8
CUS_DMM_0058,TER_DMM,2026-05-06,22,10,118415.39,0.8823529411764706,0.8888888888888888,0.8181789801056564,0.8631402700570052,0.9513513513513514,0.0,1.0,0.5,0.7806615134282076,High,9
CUS_DMM_0020,TER_DMM,2026-05-05,23,10,34552.12,0.8529411764705882,0.8888888888888888,0.2337785734245463,0.6585362129280078,0.9513513513513514,0.0,1.0,1.0,0.7488198905766086,High,10
CUS_DMM_0057,TER_DMM,2026-05-10,18,10,131555.65,1.0,0.8888888888888888,0.9097467580839719,0.9328785489909536,1.0,0.0,0.0,0.75,0.7481514195963814,High,11
CUS_DMM_0053,TER_DMM,2026-05-09,19,9,32932.39,0.9705882352941176,0.7777777777777778,0.22249150018361977,0.6569525044185051,1.0,0.0,0.747047193880315,1.0,0.7374857211554334,High,12
CUS_DMM_0007,TER_DMM,2026-05-10,18,10,33996.91,1.0,0.8888888888888888,0.22990959777175551,0.7062661622202148,1.0,0.0,0.6060083139980093,0.75,0.7181072962878867,High,13
CUS_DMM_0041,TER_DMM,2026-05-04,24,10,107775.17,0.8235294117647058,0.8888888888888888,0.7440327073073684,0.8188170026536543,0.9513513513513514,0.0,0.747047193880315,0.25,0.7126369258548987,High,14
CUS_DMM_0081,TER_DMM,2026-05-04,24,9,7302.9,0.8235294117647058,0.7777777777777778,0.043892640646787426,0.5483999433964237,0.9513513513513514,0.0,1.0,1.0,0.7047653827639748,High,15
CUS_DMM_0079,TER_DMM,2026-05-10,18,9,29027.6,1.0,0.7777777777777778,0.19528100786672906,0.6576862618815023,1.0,0.0,0.6060083139980093,0.75,0.6986753361524018,Medium,16
CUS_DMM_0095,TER_DMM,2026-05-09,19,9,31553.25,0.9705882352941176,0.7777777777777778,0.21288097609041204,0.6537489963874358,1.0,0.0,0.6060083139980093,0.75,0.6971004299547752,Medium,17
CUS_DMM_0018,TER_DMM,2026-05-09,19,10,8565.89,0.9705882352941176,0.8888888888888888,0.052693774559573976,0.6373902995808601,1.0,0.0,0.6060083139980093,0.75,0.690556951232145,Medium,18
CUS_DMM_0001,TER_DMM,2026-05-05,23,8,30127.18,0.8529411764705882,0.6666666666666666,0.20294342073446503,0.5741837546239066,0.9513513513513514,0.0,0.747047193880315,1.0,0.6897836266429995,Medium,19
CUS_DMM_0078,TER_DMM,2026-05-10,18,9,31011.06,1.0,0.7777777777777778,0.20910273018492287,0.6622935026542335,1.0,0.0,0.747047193880315,0.5,0.6896221204497249,Medium,20
CUS_DMM_0017,TER_DMM,2026-05-10,18,7,5348.89,1.0,0.5555555555555556,0.03027614037606157,0.5286105653105391,1.0,0.0,1.0,0.75,0.6864442261242156,Medium,21
CUS_DMM_0080,TER_DMM,2026-05-06,22,9,106201.93,0.8823529411764706,0.7777777777777778,0.7330695991933276,0.7977334393825254,0.9513513513513514,0.0,0.747047193880315,0.0,0.6792035005464471,Medium,22
CUS_DMM_0050,TER_DMM,2026-05-10,18,9,107263.85,1.0,0.7777777777777778,0.7404695787059654,0.8394157854945811,0.5540540540540541,0.0,1.0,0.75,0.6769825304140487,Medium,23
CUS_DMM_0029,TER_DMM,2026-05-04,24,9,30828.04,0.8235294117647058,0.7777777777777778,0.20782735703967375,0.6030448488607192,0.9513513513513514,0.0,0.747047193880315,0.75,0.6763280643377245,Medium,24
CUS_DMM_0083,TER_DMM,2026-05-10,18,11,35581.41,1.0,1.0,0.24095117108968386,0.7469837236965612,1.0,0.0,0.0,0.75,0.6737934894786244,Medium,25
CUS_DMM_0024,TER_DMM,2026-05-06,22,7,24181.69,0.8823529411764706,0.5555555555555556,0.16151232969880094,0.5331402754769424,0.9513513513513514,0.0,1.0,0.75,0.6736615155961825,Medium,26
CUS_DMM_0013,TER_DMM,2026-05-09,19,8,5158.09,0.9705882352941176,0.6666666666666666,0.0289465523741299,0.5554004847783047,1.0,0.0,0.747047193880315,0.75,0.6718649132993533,Medium,27
CUS_DMM_0082,TER_DMM,2026-05-10,18,8,27492.62,1.0,0.6666666666666666,0.18458451420213223,0.6170837269562662,1.0,0.0,1.0,0.25,0.6718334907825065,Medium,28
CUS_DMM_0076,TER_DMM,2026-05-06,22,8,5359.79,0.8823529411764706,0.6666666666666666,0.03035209692334173,0.5264572349221596,0.9513513513513514,0.0,1.0,0.75,0.6709882993742693,Medium,29
CUS_DMM_0042,TER_DMM,2026-05-04,24,8,28002.239999999998,0.8235294117647058,0.6666666666666666,0.1881357963695558,0.5594439582669761,0.9513513513513514,0.0,0.6060083139980093,1.0,0.6697838201119968,Medium,30
CUS_DMM_0059,TER_DMM,2026-05-06,22,9,7454.28,0.8823529411764706,0.7777777777777778,0.04494753075020679,0.5683594165681517,0.9513513513513514,0.0,0.747047193880315,0.75,0.6624538914206977,Medium,31
CUS_DMM_0047,TER_DMM,2026-05-06,22,7,26389.78,0.8823529411764706,0.5555555555555556,0.17689938405511801,0.5382692935957147,0.9513513513513514,0.0,0.6060083139980093,1.0,0.6613139542434923,Medium,32
CUS_DMM_0021,TER_DMM,2026-05-07,21,10,38213.96,0.9117647058823529,0.8888888888888888,0.25929607095595847,0.6866498885757334,0.9513513513513514,0.0,1.0,0.0,0.6600653608356988,Medium,33
CUS_DMM_0070,TER_DMM,2026-05-05,23,9,5845.7699999999995,0.8529411764705882,0.7777777777777778,0.03373864397354483,0.5548191994073036,0.9513513513513514,0.0,1.0,0.5,0.6573330851683269,Medium,34
CUS_DMM_0055,TER_DMM,2026-05-05,23,9,5169.5,0.8529411764705882,0.7777777777777778,0.029026062851603907,0.5532483390333233,0.9513513513513514,0.0,1.0,0.5,0.6567047410187348,Medium,35
CUS_DMM_0015,TER_DMM,2026-05-07,21,7,26218.52,0.9117647058823529,0.5555555555555556,0.17570596035904454,0.547675407265651,0.9513513513513514,0.0,1.0,0.5,0.6544755683116659,Medium,36
CUS_DMM_0035,TER_DMM,2026-05-07,21,8,5673.36,0.9117647058823529,0.6666666666666666,0.032537206513308777,0.5369895263541095,0.9513513513513514,0.0,0.747047193880315,0.75,0.6499059353350807,Medium,37
CUS_DMM_0005,TER_DMM,2026-05-04,24,8,5163.2300000000005,0.8235294117647058,0.6666666666666666,0.028982370415691378,0.5063928162823547,0.9513513513513514,0.0,0.6060083139980093,1.0,0.6485633633181482,Medium,38
CUS_DMM_0064,TER_DMM,2026-05-10,18,6,4517.53,1.0,0.4444444444444444,0.024482816050663717,0.48964242016503606,1.0,0.0,1.0,0.5,0.6458569680660144,Medium,39
CUS_DMM_0019,TER_DMM,2026-05-05,23,8,6051.12,0.8529411764705882,0.6666666666666666,0.035169623513359644,0.5182591555502049,0.9513513513513514,0.0,1.0,0.5,0.6427090676254874,Medium,40
CUS_DMM_0062,TER_DMM,2026-05-05,23,10,36267.71,0.8529411764705882,0.8888888888888888,0.24573364617210364,0.6625212371771936,0.9513513513513514,0.0,0.0,0.75,0.6254139002762829,Medium,41
CUS_DMM_0089,TER_DMM,2026-05-09,19,8,5678.09,0.9705882352941176,0.6666666666666666,0.03257016747373402,0.5566083564781727,1.0,0.0,0.0,1.0,0.6226433425912691,Medium,42
CUS_DMM_0054,TER_DMM,2026-05-05,23,6,3174.1000000000004,0.8529411764705882,0.4444444444444444,0.015121136755930712,0.43750225255698777,0.9513513513513514,0.0,0.6060083139980093,1.0,0.6210071378280014,Medium,43
CUS_DMM_0051,TER_DMM,2026-05-05,23,8,5318.02,0.8529411764705882,0.6666666666666666,0.030061023071975456,0.5165562887364101,0.9513513513513514,0.0,1.0,0.25,0.6170279208999695,Medium,44
CUS_DMM_0065,TER_DMM,2026-05-10,18,6,2832.42,1.0,0.4444444444444444,0.012740142895867756,0.48572819578010407,1.0,0.0,0.41536748510008015,0.75,0.6108280268220496,Medium,45
CUS_DMM_0094,TER_DMM,2026-05-05,23,8,6421.14,0.8529411764705882,0.6666666666666666,0.037748104396351026,0.5191186491778687,0.9513513513513514,0.0,0.41536748510008015,0.75,0.6095896135865608,Medium,46
CUS_DMM_0002,TER_DMM,2026-04-30,28,9,95987.75,0.7058823529411765,0.7777777777777778,0.6618921821201076,0.7151841042796873,0.5,0.0,0.6060083139980093,1.0,0.5966744731116759,Medium,47
CUS_DMM_0022,TER_DMM,2026-05-10,18,9,6248.6,1.0,0.7777777777777778,0.03654576103234008,0.6047745129367059,1.0,0.0,0.41536748510008015,0.0,0.5834465536846903,Medium,48
CUS_DMM_0052,TER_DMM,2026-04-23,35,8,110044.78,0.5,0.6666666666666666,0.759848463203931,0.6421717099568659,0.5,0.0,1.0,0.75,0.5818686839827463,Medium,49
CUS_DMM_0060,TER_DMM,2026-05-04,24,8,6342.26,0.8235294117647058,0.6666666666666666,0.03719842985970338,0.509131502763692,0.9513513513513514,0.0,0.41536748510008015,0.5,0.5805947550208903,Medium,50
CUS_DMM_0034,TER_DMM,2026-05-04,24,6,29107.489999999998,0.8235294117647058,0.4444444444444444,0.1958377205788586,0.48793719226266963,0.9513513513513514,0.0,0.0,1.0,0.5805802823104733,Medium,51
CUS_DMM_0071,TER_DMM,2026-05-02,26,10,110587.68,0.7647058823529411,0.8888888888888888,0.7636316567377291,0.8057421426598531,0.5540540540540541,0.0,0.41536748510008015,0.5,0.5800498217901655,Medium,52
CUS_DMM_0063,TER_DMM,2026-05-09,19,7,6032.6,0.9705882352941176,0.5555555555555556,0.03504056706788913,0.5203947859725208,1.0,0.0,0.41536748510008015,0.25,0.5746946628990163,Medium,53
CUS_DMM_0086,TER_DMM,2026-05-07,21,4,13758.199999999999,0.9117647058823529,0.2222222222222222,0.08887633786308449,0.4076210886558866,0.9513513513513514,0.0,0.747047193880315,0.5,0.5731585602557916,Medium,54
CUS_DMM_0073,TER_DMM,2026-05-05,23,6,4894.86,0.8529411764705882,0.4444444444444444,0.027112236599766835,0.4414992858382665,0.9513513513513514,0.0,0.6060083139980093,0.5,0.5726059511405129,Medium,55
CUS_DMM_0025,TER_DMM,2026-05-05,23,6,24303.36,0.8529411764705882,0.4444444444444444,0.16236018594720258,0.48658193562074503,0.9513513513513514,0.0,0.41536748510008015,0.5,0.5715749281637115,Medium,56
CUS_DMM_0069,TER_DMM,2026-05-04,24,9,6875.09,0.8235294117647058,0.7777777777777778,0.04091145069339966,0.5474062134119612,0.9513513513513514,0.0,0.41536748510008015,0.25,0.5709046392801979,Medium,57
CUS_DMM_0090,TER_DMM,2026-05-05,23,7,25209.55,0.8529411764705882,0.5555555555555556,0.1686749624224146,0.5257238981495195,0.9513513513513514,0.0,0.0,0.75,0.5706949646652133,Medium,58
CUS_DMM_0075,TER_DMM,2026-05-07,21,8,25710.05,0.9117647058823529,0.6666666666666666,0.17216269195578354,0.5835313548349343,0.9513513513513514,0.0,0.0,0.5,0.5688179473393793,Medium,59
CUS_DMM_0066,TER_DMM,2026-05-06,22,6,4015.99,0.8823529411764706,0.4444444444444444,0.020987839287095543,0.44926174163600346,0.9513513513513514,0.0,0.0,1.0,0.5651101020598068,Medium,60
CUS_DMM_0056,TER_DMM,2026-05-10,18,6,79020.8,1.0,0.4444444444444444,0.5436581509388997,0.6627008651277814,1.0,0.0,0.0,0.0,0.5650803460511126,Medium,61
CUS_DMM_0009,TER_DMM,2026-05-04,24,8,5137.21,0.8235294117647058,0.6666666666666666,0.028801050290899643,0.5063323762407574,0.9513513513513514,0.0,0.747047193880315,0.0,0.5626430752897399,Medium,62
CUS_DMM_0030,TER_DMM,2026-05-07,21,7,5665.530000000001,0.9117647058823529,0.5555555555555556,0.03248264323209744,0.4999343015566687,0.9513513513513514,0.0,0.0,0.75,0.5603791260280729,Medium,63
CUS_DMM_0023,TER_DMM,2026-05-05,23,4,3017.26,0.8529411764705882,0.2222222222222222,0.0140281986939655,0.36306386579559197,0.9513513513513514,0.0,0.747047193880315,0.5,0.5553356711116737,Medium,64
CUS_DMM_0088,TER_DMM,2026-04-30,28,9,29914.36,0.7058823529411765,0.7777777777777778,0.20146038657004628,0.5617068390963335,0.5,0.0,1.0,0.75,0.5496827356385334,Medium,65
CUS_DMM_0049,TER_DMM,2026-05-04,24,6,22236.98,0.8235294117647058,0.4444444444444444,0.1479606363904334,0.4719781641998612,0.9513513513513514,0.0,0.0,0.75,0.54919667108535,Medium,66
CUS_DMM_0091,TER_DMM,2026-04-30,28,8,27119.7,0.7058823529411765,0.6666666666666666,0.18198582469646998,0.5181782814347711,0.5,0.0,1.0,0.5,0.5072713125739085,Medium,67
CUS_DMM_0048,TER_DMM,2026-04-30,28,8,24839.58,0.7058823529411765,0.6666666666666666,0.16609682996395206,0.5128819498572651,0.5,0.0,0.747047193880315,0.75,0.5048574993309376,Medium,68
CUS_DMM_0044,TER_DMM,2026-05-10,18,7,4135.67,1.0,0.5555555555555556,0.021821828239250583,0.5257924612649354,0.5540540540540541,0.0,0.41536748510008015,0.75,0.49306994923219843,Medium,69
CUS_DMM_0037,TER_DMM,2026-05-09,19,8,4180.71,0.9705882352941176,0.6666666666666666,0.02213568905480091,0.5531301970051951,0.5540540540540541,0.0,0.747047193880315,0.25,0.4871730144063258,Medium,70
CUS_DMM_0027,TER_DMM,2026-05-10,18,6,4251.17,1.0,0.4444444444444444,0.02262668890079727,0.4890237111150806,0.5540540540540541,0.0,0.747047193880315,0.5,0.48653042005027997,Medium,71
CUS_DMM_0043,TER_DMM,2026-05-02,26,10,35979.020000000004,0.7647058823529411,0.8888888888888888,0.24372191262767154,0.6324388946231672,0.5540540540540541,0.0,0.6060083139980093,0.0,0.47979260546528407,Medium,72
CUS_DMM_0092,TER_DMM,2026-04-30,28,8,5872.08,0.7058823529411765,0.6666666666666666,0.03392198496060364,0.46882366818948223,0.5,0.0,0.41536748510008015,1.0,0.4790662157858009,Medium,73
CUS_DMM_0004,TER_DMM,2026-05-09,19,8,4364.38,0.9705882352941176,0.6666666666666666,0.023415591718924544,0.5535568312265696,0.5540540540540541,0.0,0.0,0.75,0.4626389487068441,Medium,74
CUS_DMM_0077,TER_DMM,2026-04-30,28,8,93237.9,0.7058823529411765,0.6666666666666666,0.6427298783092491,0.6717596326390307,0.05945945945945947,0.0,0.747047193880315,1.0,0.4612464102814816,Medium,75
CUS_DMM_0097,TER_DMM,2026-04-22,36,6,4765.46,0.47058823529411764,0.4444444444444444,0.026210513919211507,0.31374773121925786,0.5,0.0,0.747047193880315,1.0,0.45020381187573466,Medium,76
CUS_DMM_0096,TER_DMM,2026-04-22,36,7,3704.23,0.47058823529411764,0.5555555555555556,0.01881534266507135,0.3483197111715815,0.5,0.0,1.0,0.5,0.43932788446863263,Medium,77
CUS_DMM_0039,TER_DMM,2026-04-29,29,7,83733.45,0.6764705882352942,0.5555555555555556,0.5764982080526484,0.6028414506144993,0.05945945945945947,0.0,0.6060083139980093,0.75,0.39457524948343853,Low,78
CUS_DMM_0006,TER_DMM,2026-04-29,29,9,6226.95,0.6764705882352942,0.7777777777777778,0.03639489321136617,0.4968810864081461,0.05945945945945947,0.0,0.747047193880315,0.75,0.36629499178912783,Low,79
CUS_DMM_0099,TER_DMM,2026-04-27,31,6,58863.81,0.6176470588235294,0.4444444444444444,0.4031943560801126,0.4884286197826955,0.05945945945945947,0.0,0.747047193880315,0.75,0.36291400513894756,Low,80
CUS_DMM_0016,TER_DMM,2026-04-29,29,8,6167.5,0.6764705882352942,0.6666666666666666,0.03598061644661335,0.45970595711619144,0.5,0.0,0.0,0.25,0.3588823828464766,Low,81
CUS_DMM_0026,TER_DMM,2026-04-27,31,8,5959.82,0.6176470588235294,0.6666666666666666,0.034533400323756076,0.43961570860465066,0.05945945945945947,0.0,1.0,0.5,0.3436841212796981,Low,82
CUS_DMM_0068,TER_DMM,2026-04-28,30,9,32910.36,0.6470588235294118,0.7777777777777778,0.22233798433622692,0.5490581952144722,0.05945945945945947,0.0,0.0,1.0,0.3374611159236267,Low,83
CUS_DMM_0014,TER_DMM,2026-04-27,31,8,6826.08,0.6176470588235294,0.6666666666666666,0.040569924970261975,0.4416278834868193,0.05945945945945947,0.0,0.41536748510008015,1.0,0.3360257397425736,Low,84
CUS_DMM_0028,TER_DMM,2026-04-30,28,8,6209.11,0.7058823529411765,0.6666666666666666,0.036270575339487444,0.4696065316491102,0.05945945945945947,0.0,1.0,0.25,0.33068045049748196,Low,85
CUS_DMM_0087,TER_DMM,2026-04-29,29,7,5758.03,0.6764705882352942,0.5555555555555556,0.03312722861039239,0.421717790800414,0.05945945945945947,0.0,0.6060083139980093,0.75,0.3221257855578044,Low,86
CUS_DMM_0085,TER_DMM,2026-04-30,28,8,4922.1,0.7058823529411765,0.6666666666666666,0.027302058283061488,0.46661702596363486,0.05945945945945947,0.0,0.6060083139980093,0.5,0.3150854796230927,Low,87
CUS_DMM_0046,TER_DMM,2026-04-28,30,6,4559.37,0.6470588235294118,0.4444444444444444,0.024774377696370326,0.3720925485567422,0.05945945945945947,0.0,0.747047193880315,0.5,0.29137957664856623,Low,88
CUS_DMM_0036,TER_DMM,2026-04-25,33,9,30480.96,0.5588235294117647,0.7777777777777778,0.20540873333049953,0.514003346840014,0.10810810810810813,0.0,0.0,0.5,0.28803377116843804,Low,89
CUS_DMM_0045,TER_DMM,2026-04-28,30,7,5469.28,0.6470588235294118,0.5555555555555556,0.03111507695652568,0.41124315201383105,0.05945945945945947,0.0,0.747047193880315,0.25,0.2820398180314018,Low,90
CUS_DMM_0008,TER_DMM,2026-04-16,42,6,3884.05,0.29411764705882354,0.4444444444444444,0.02006841664047676,0.25287683604791494,0.5,0.0,0.0,0.25,0.276150734419166,Low,91
CUS_DMM_0098,TER_DMM,2026-04-21,37,7,23309.97,0.4411764705882353,0.5555555555555556,0.15543775709374924,0.3840565944125134,0.05945945945945947,0.0,0.0,1.0,0.27146047560284325,Low,92
CUS_DMM_0031,TER_DMM,2026-04-14,44,5,3793.06,0.23529411764705882,0.3333333333333333,0.0194343536829518,0.19602060155444798,0.05945945945945947,0.0,0.6060083139980093,1.0,0.25684690985941794,Low,93
CUS_DMM_0011,TER_DMM,2026-04-26,32,4,10190.67,0.5882352941176471,0.2222222222222222,0.0640160386779101,0.29149118500592647,0.10810810810810813,0.0,0.747047193880315,0.25,0.24873362582283456,Low,94
CUS_DMM_0033,TER_DMM,2026-04-13,45,2,1004.1700000000001,0.20588235294117646,0.0,0.0,0.06862745098039215,0.05945945945945947,0.0,1.0,1.0,0.2452888182299947,Low,95
CUS_DMM_0032,TER_DMM,2026-04-29,29,4,2477.45,0.6764705882352942,0.2222222222222222,0.01026653779604761,0.30298644941785463,0.05945945945945947,0.0,0.747047193880315,0.0,0.21373713699301122,Low,96
CUS_DMM_0072,TER_DMM,2026-04-29,29,7,5163.09,0.6764705882352942,0.5555555555555556,0.02898139482701071,0.4203358462059535,0.05945945945945947,0.0,0.0,0.25,0.21097217632021925,Low,97
CUS_DMM_0061,TER_DMM,2026-04-30,28,5,3003.02,0.7058823529411765,0.3333333333333333,0.013928967388160953,0.3510482178875569,0.05945945945945947,0.0,0.0,0.5,0.20825712499286064,Low,98
CUS_DMM_0074,TER_DMM,2026-04-25,33,4,2605.67,0.5588235294117647,0.2222222222222222,0.011160037657723075,0.26406859643057,0.10810810810810813,0.0,0.0,0.5,0.18805987100466043,Low,99
CUS_DMM_0038,TER_DMM,2026-04-06,52,6,3851.44,0.0,0.4444444444444444,0.019841174162788123,0.15476187286907753,0.05945945945945947,0.0,0.0,1.0,0.17974258698546886,Low,100
CUS_JED_0011,TER_JED,2026-05-10,18,10,142152.03,1.0,0.8888888888888888,1.0,0.9629629629629629,1.0,0.25107455623948866,1.0,0.75,0.885292640809134,High,1
CUS_JED_0067,TER_JED,2026-05-10,18,11,119422.16,1.0,1.0,0.8390618120879785,0.9463539373626594,1.0,0.25107455623948866,0.9525098646205996,0.75,0.8739000170310727,High,2
CUS_JED_0021,TER_JED,2026-05-10,18,9,108358.12,1.0,0.7777777777777778,0.7607231964871799,0.8461669914216525,1.0,0.25107455623948866,1.0,1.0,0.8635742521926099,High,3
CUS_JED_0088,TER_JED,2026-05-05,23,9,125092.55,0.868421052631579,0.7777777777777778,0.87921084467613,0.8418032250284956,0.9513513513513514,0.25107455623948866,1.0,1.0,0.8472341510407525,High,4
CUS_JED_0018,TER_JED,2026-05-07,21,10,140761.43,0.9210526315789473,0.8888888888888888,0.9901538968718053,0.933365139113214,0.9513513513513514,0.25107455623948866,0.7869648481615362,0.75,0.8375554014907935,High,5
CUS_JED_0022,TER_JED,2026-05-09,19,11,44594.51,0.9736842105263158,1.0,0.309246797892342,0.7609770028062193,1.0,0.25107455623948866,0.9525098646205996,1.0,0.8247492432084965,High,6
CUS_JED_0004,TER_JED,2026-05-07,21,9,123873.45,0.9210526315789473,0.7777777777777778,0.8705790423436245,0.8564698172334498,0.9513513513513514,0.25107455623948866,0.9525098646205996,0.75,0.8233517743847942,High,7
CUS_JED_0061,TER_JED,2026-05-10,18,8,92343.9,1.0,0.6666666666666666,0.6473349743977244,0.771333880354797,1.0,0.25107455623948866,0.7869648481615362,1.0,0.8123374925820214,High,8
CUS_JED_0006,TER_JED,2026-05-09,19,10,125150.41,0.9736842105263158,0.8888888888888888,0.8796205207346639,0.9140645400499562,1.0,0.25107455623948866,0.7085270190204354,0.5,0.811585973545975,High,9
CUS_JED_0024,TER_JED,2026-05-05,23,8,92467.49,0.868421052631579,0.6666666666666666,0.648210049822443,0.7277659230402295,0.9513513513513514,0.25107455623948866,0.9525098646205996,1.0,0.796870216707506,High,10
CUS_JED_0010,TER_JED,2026-05-10,18,9,115208.72,1.0,0.7777777777777778,0.8092286718862954,0.8623354832213578,1.0,0.25107455623948866,0.7085270190204354,0.5,0.7908943508145355,High,11
CUS_JED_0079,TER_JED,2026-05-09,19,10,35146.69,0.9736842105263158,0.8888888888888888,0.24235178131200283,0.7016416269090692,1.0,0.25107455623948866,0.7869648481615362,1.0,0.7844605912037302,High,12
CUS_JED_0083,TER_JED,2026-05-09,19,9,110182.15000000001,0.9736842105263158,0.7777777777777778,0.7736381882094012,0.8417000588378315,1.0,0.25107455623948866,0.9525098646205996,0.25,0.7820384656211415,High,13
CUS_JED_0015,TER_JED,2026-05-05,23,10,35812.37,0.868421052631579,0.8888888888888888,0.24706510932176595,0.6681250169474113,0.9513513513513514,0.25107455623948866,0.9525098646205996,1.0,0.7730138542703788,High,14
CUS_JED_0017,TER_JED,2026-05-07,21,9,31279.05,0.9210526315789473,0.7777777777777778,0.21496706802081145,0.6379324924591788,0.9513513513513514,0.25107455623948866,0.9525098646205996,1.0,0.7609368444750858,High,15
CUS_JED_0075,TER_JED,2026-05-10,18,11,38196.58,1.0,1.0,0.26394643935144585,0.7546488131171486,1.0,0.25107455623948866,0.7869648481615362,0.5,0.7556634656869621,High,16
CUS_JED_0033,TER_JED,2026-05-07,21,10,8308.06,0.9210526315789473,0.8888888888888888,0.052321636914291036,0.6207543857940424,0.9513513513513514,0.25107455623948866,0.9525098646205996,1.0,0.7540656018090313,High,17
CUS_JED_0037,TER_JED,2026-05-06,22,8,86084.46,0.8947368421052632,0.6666666666666666,0.603015190301114,0.7214728996910146,0.9513513513513514,0.25107455623948866,0.7869648481615362,0.75,0.7527985057219138,High,18
CUS_JED_0095,TER_JED,2026-05-04,24,9,31896.469999999998,0.8421052631578947,0.7777777777777778,0.21933869249471474,0.6130739111434623,0.9513513513513514,0.25107455623948866,0.9525098646205996,1.0,0.7509934119487992,High,19
CUS_JED_0058,TER_JED,2026-05-05,23,8,27596.489999999998,0.868421052631579,0.6666666666666666,0.18889280832300878,0.5746601758737515,0.9513513513513514,0.25107455623948866,1.0,1.0,0.740376931378855,High,20
CUS_JED_0082,TER_JED,2026-05-07,21,9,30678.09,0.9210526315789473,0.7777777777777778,0.2107119881014099,0.6365141324860449,0.9513513513513514,0.25107455623948866,1.0,0.75,0.7401185140237723,High,21
CUS_JED_0003,TER_JED,2026-05-10,18,10,42574.58,1.0,0.8888888888888888,0.2949447418793015,0.7279445435893969,1.0,0.25107455623948866,0.7085270190204354,0.5,0.7371379749617512,High,22
CUS_JED_0029,TER_JED,2026-05-06,22,9,25951.33,0.8947368421052632,0.7777777777777778,0.1772443004685714,0.6165863067838707,0.9513513513513514,0.25107455623948866,0.7869648481615362,1.0,0.7358438685590563,High,23
CUS_JED_0050,TER_JED,2026-05-09,19,9,7446.33,0.9736842105263158,0.7777777777777778,0.046220182543041825,0.5992273902823785,1.0,0.25107455623948866,0.9525098646205996,0.75,0.7350493981989603,High,24
CUS_JED_0065,TER_JED,2026-05-10,18,7,5850.96,1.0,0.5555555555555556,0.03492421134526544,0.5301599223002736,1.0,0.25107455623948866,0.9525098646205996,1.0,0.7324224110061183,High,25
CUS_JED_0043,TER_JED,2026-05-04,24,9,33666.51,0.8421052631578947,0.7777777777777778,0.23187140958160504,0.6172514835057591,0.9513513513513514,0.25107455623948866,1.0,0.75,0.7324134544316578,High,26
CUS_JED_0059,TER_JED,2026-05-07,21,10,109807.23,0.9210526315789473,0.8888888888888888,0.7709835779801313,0.8603083661493226,0.9513513513513514,0.25107455623948866,0.0,0.75,0.7296362074890834,High,27
CUS_JED_0042,TER_JED,2026-05-05,23,7,84291.86,0.868421052631579,0.5555555555555556,0.5903227377859395,0.671433115324358,0.9513513513513514,0.25107455623948866,0.7085270190204354,0.75,0.724938809061141,High,28
CUS_JED_0045,TER_JED,2026-05-10,18,8,5717.3099999999995,1.0,0.6666666666666666,0.0339779063811613,0.566881524349276,1.0,0.25107455623948866,0.7085270190204354,1.0,0.7227127672657028,High,29
CUS_JED_0086,TER_JED,2026-05-07,21,8,25040.66,0.9210526315789473,0.6666666666666666,0.17079632784110627,0.58617187536224,0.9513513513513514,0.25107455623948866,0.7085270190204354,1.0,0.7158343130762939,High,30
CUS_JED_0027,TER_JED,2026-05-09,19,9,7406.12,0.9736842105263158,0.7777777777777778,0.04593547679963272,0.5991324883679088,1.0,0.25107455623948866,0.7085270190204354,0.75,0.7106131528731559,High,31
CUS_JED_0084,TER_JED,2026-05-07,21,7,30461.98,0.9210526315789473,0.5555555555555556,0.20918182748941927,0.5619300048746407,0.9513513513513514,0.25107455623948866,1.0,0.75,0.7102848629792107,High,32
CUS_JED_0039,TER_JED,2026-05-05,23,7,5559.05,0.868421052631579,0.5555555555555556,0.032857351022993544,0.48561131973670935,0.9513513513513514,0.25107455623948866,1.0,1.0,0.704757388924038,High,33
CUS_JED_0072,TER_JED,2026-05-05,23,10,5575.63,0.868421052631579,0.8888888888888888,0.032974745234028685,0.5967615622514989,0.9513513513513514,0.25107455623948866,0.7869648481615362,0.75,0.7029139707461076,High,34
CUS_JED_0038,TER_JED,2026-05-05,23,8,112991.18999999999,0.868421052631579,0.6666666666666666,0.7935275147815454,0.7762050780265971,0.9513513513513514,0.25107455623948866,0.7869648481615362,0.0,0.6996913770561468,Medium,35
CUS_JED_0016,TER_JED,2026-05-06,22,8,6190.96,0.8947368421052632,0.6666666666666666,0.037331571523308134,0.532911693431746,0.9513513513513514,0.25107455623948866,1.0,0.75,0.6986775384020527,Medium,36
CUS_JED_0094,TER_JED,2026-05-04,24,7,32539.29,0.8421052631578947,0.5555555555555556,0.22389016093486008,0.5405169932161035,0.9513513513513514,0.25107455623948866,0.7085270190204354,1.0,0.6975723602178392,Medium,37
CUS_JED_0025,TER_JED,2026-05-06,22,8,94040.1,0.8947368421052632,0.6666666666666666,0.6593448694977128,0.7402494594232142,0.9513513513513514,0.25107455623948866,0.7085270190204354,0.0,0.6774653467006836,Medium,38
CUS_JED_0063,TER_JED,2026-05-04,24,6,20715.49,0.8421052631578947,0.4444444444444444,0.14017208660209182,0.475573931401477,0.9513513513513514,0.25107455623948866,0.9525098646205996,0.75,0.6709934200520051,Medium,39
CUS_JED_0093,TER_JED,2026-05-07,21,6,3983.21,0.9210526315789473,0.4444444444444444,0.02169966142603237,0.46239891248314136,0.9513513513513514,0.25107455623948866,0.9525098646205996,0.75,0.6657234124846709,Medium,40
CUS_JED_0020,TER_JED,2026-05-07,21,7,6535.87,0.9210526315789473,0.5555555555555556,0.03977369681451021,0.5054606279830044,0.9513513513513514,0.25107455623948866,1.0,0.5,0.6626971122225561,Medium,41
CUS_JED_0046,TER_JED,2026-05-05,23,9,31855.1,0.868421052631579,0.7777777777777778,0.21904577340481585,0.621748201271391,0.9513513513513514,0.25107455623948866,0.0,1.0,0.6592121415379106,Medium,42
CUS_JED_0066,TER_JED,2026-05-04,24,7,5823.1900000000005,0.8421052631578947,0.5555555555555556,0.03472758666248825,0.47746280179197953,0.9513513513513514,0.25107455623948866,0.7869648481615362,0.75,0.6551944665622997,Medium,43
CUS_JED_0074,TER_JED,2026-05-04,24,10,35549.54,0.8421052631578947,0.8888888888888888,0.2452041490994278,0.6587327670487372,0.9513513513513514,0.25107455623948866,0.0,0.75,0.6490059678488493,Medium,44
CUS_JED_0007,TER_JED,2026-05-06,22,5,3252.3900000000003,0.8947368421052632,0.3333333333333333,0.01652511152804072,0.41486509565554575,0.9513513513513514,0.25107455623948866,0.7085270190204354,1.0,0.6473116011936161,Medium,45
CUS_JED_0031,TER_JED,2026-05-05,23,8,28012.03,0.868421052631579,0.6666666666666666,0.1918350272888437,0.5756409155290297,0.9513513513513514,0.25107455623948866,0.7869648481615362,0.25,0.6444657120571199,Medium,46
CUS_JED_0097,TER_JED,2026-05-07,21,6,4212.79,0.9210526315789473,0.4444444444444444,0.023325195983900142,0.46294075733576395,0.9513513513513514,0.25107455623948866,0.9525098646205996,0.5,0.64094015042572,Medium,47
CUS_JED_0087,TER_JED,2026-05-06,22,6,4867.030000000001,0.8947368421052632,0.4444444444444444,0.02795752340414324,0.45571293665128354,0.9513513513513514,0.25107455623948866,0.7085270190204354,0.75,0.6386507375919113,Medium,48
CUS_JED_0048,TER_JED,2026-05-10,18,7,30030.34,1.0,0.5555555555555556,0.20612561293868295,0.5872270561647462,1.0,0.25107455623948866,0.0,0.75,0.6349982780898473,Medium,49
CUS_JED_0012,TER_JED,2026-05-10,18,9,5230.43,1.0,0.7777777777777778,0.030530566606204165,0.6027694481279939,0.5540540540540541,0.25107455623948866,1.0,1.0,0.6324314510913627,Medium,50
CUS_JED_0057,TER_JED,2026-05-10,18,8,4137.04,1.0,0.6666666666666666,0.022788850297174455,0.563151838987947,1.0,0.25107455623948866,0.0,0.75,0.6253681912191278,Medium,51
CUS_JED_0035,TER_JED,2026-05-05,23,8,5327.35,0.868421052631579,0.6666666666666666,0.03121680586636857,0.5221015083882048,0.9513513513513514,0.25107455623948866,0.0,1.0,0.6193534643846362,Medium,52
CUS_JED_0019,TER_JED,2026-05-04,24,8,34936.42,0.8421052631578947,0.6666666666666666,0.24086297065130563,0.5832116334919556,0.9513513513513514,0.25107455623948866,0.0,0.75,0.6187975144261366,Medium,53
CUS_JED_0032,TER_JED,2026-05-05,23,8,26071.96,0.868421052631579,0.6666666666666666,0.17809841769879872,0.5710620456656815,0.9513513513513514,0.25107455623948866,0.0,0.75,0.613937679295627,Medium,54
CUS_JED_0036,TER_JED,2026-05-07,21,7,6116.47,0.9210526315789473,0.5555555555555556,0.03680414723018342,0.5044707781215622,0.9513513513513514,0.25107455623948866,0.7085270190204354,0.25,0.6081538741800228,Medium,55
CUS_JED_0023,TER_JED,2026-05-04,24,9,6049.25,0.8421052631578947,0.7777777777777778,0.03632819796204216,0.5520704129659049,0.9513513513513514,0.25107455623948866,0.0,0.75,0.6063410262157163,Medium,56
CUS_JED_0085,TER_JED,2026-05-04,24,6,22452.91,0.8421052631578947,0.4444444444444444,0.1524738387213122,0.47967451544121714,0.9513513513513514,0.25107455623948866,0.7869648481615362,0.25,0.6060791520219948,Medium,57
CUS_JED_0071,TER_JED,2026-05-10,18,10,7985.32,1.0,0.8888888888888888,0.05003648566763957,0.6463084581855095,0.5540540540540541,0.25107455623948866,0.7869648481615362,0.75,0.6035435399305227,Medium,58
CUS_JED_0081,TER_JED,2026-05-02,26,8,23971.04,0.7894736842105263,0.6666666666666666,0.1632229143304062,0.5397877550691997,0.5540540540540541,0.25107455623948866,0.9525098646205996,1.0,0.602489760329905,Medium,59
CUS_JED_0040,TER_JED,2026-05-10,18,8,5939.18,1.0,0.6666666666666666,0.0355488505067564,0.567405172391141,1.0,0.25107455623948866,0.0,0.5,0.6020695245804053,Medium,60
CUS_JED_0054,TER_JED,2026-05-05,23,6,4876.21,0.868421052631579,0.4444444444444444,0.02802252212895039,0.44696267306832455,0.9513513513513514,0.25107455623948866,0.0,1.0,0.5892979302566841,Medium,61
CUS_JED_0014,TER_JED,2026-05-05,23,6,4464.780000000001,0.868421052631579,0.4444444444444444,0.025109403899385378,0.44599163365846956,0.9513513513513514,0.25107455623948866,0.0,1.0,0.5889095144927421,Medium,62
CUS_JED_0070,TER_JED,2026-05-10,18,7,4699.72,1.0,0.5555555555555556,0.026772889782412875,0.5274428151126561,1.0,0.25107455623948866,0.0,0.5,0.5860845816690113,Medium,63
CUS_JED_0044,TER_JED,2026-05-05,23,6,22406.55,0.868421052631579,0.4444444444444444,0.15214558808056497,0.48833702838552945,0.9513513513513514,0.25107455623948866,0.7869648481615362,0.0,0.5845441571997197,Medium,64
CUS_JED_0096,TER_JED,2026-05-03,25,9,6617.3,0.8157894736842105,0.7777777777777778,0.04035025957715143,0.5446391703463799,0.5540540540540541,0.25107455623948866,1.0,0.75,0.584179339978717,Medium,65
CUS_JED_0049,TER_JED,2026-05-04,24,9,6827.89,0.8421052631578947,0.7777777777777778,0.04184133598860441,0.5539081256414257,0.9513513513513514,0.25107455623948866,0.0,0.5,0.5820761112859246,Medium,66
CUS_JED_0055,TER_JED,2026-05-07,21,8,5982.57,0.9210526315789473,0.6666666666666666,0.03585607214830131,0.541191790131305,0.9513513513513514,0.25107455623948866,0.0,0.5,0.5769895770818764,Medium,67
CUS_JED_0008,TER_JED,2026-05-04,24,7,5265.53,0.8421052631578947,0.5555555555555556,0.03077909114223151,0.47614663661856055,0.9513513513513514,0.25107455623948866,0.0,0.75,0.5759715156767786,Medium,68
CUS_JED_0099,TER_JED,2026-04-27,31,9,35281.15,0.6578947368421053,0.7777777777777778,0.24330382145770757,0.5596587786925302,0.5,0.25107455623948866,1.0,0.75,0.573970967100961,Medium,69
CUS_JED_0077,TER_JED,2026-05-07,21,4,3033.0699999999997,0.9210526315789473,0.2222222222222222,0.014972222603780942,0.3860823588016502,0.9513513513513514,0.25107455623948866,0.7869648481615362,0.25,0.5686422893661681,Medium,70
CUS_JED_0030,TER_JED,2026-05-09,19,5,51855.56,0.9736842105263158,0.3333333333333333,0.3606584526593329,0.5558919988396607,0.5540540540540541,0.25107455623948866,0.7085270190204354,0.75,0.5595331732780728,Medium,71
CUS_JED_0041,TER_JED,2026-04-27,31,8,4167.63,0.6578947368421053,0.6666666666666666,0.02300544190848718,0.44918894847241964,0.5,0.25107455623948866,1.0,1.0,0.5547830350129167,Medium,72
CUS_JED_0005,TER_JED,2026-05-02,26,7,4540.25,0.7894736842105263,0.5555555555555556,0.025643767054199733,0.4568910022734272,0.5540540540540541,0.25107455623948866,0.7869648481615362,1.0,0.5527765575656897,Medium,73
CUS_JED_0034,TER_JED,2026-04-29,29,7,6445.41,0.7105263157894737,0.5555555555555556,0.03913319739772861,0.4350716895809193,0.5,0.25107455623948866,0.7869648481615362,1.0,0.5278326162724702,Medium,74
CUS_JED_0098,TER_JED,2026-04-29,29,9,108363.36,0.7105263157894737,0.7777777777777778,0.7607602981558063,0.7496881305743526,0.05945945945945947,0.25107455623948866,1.0,0.75,0.5178205456915277,Medium,75
CUS_JED_0056,TER_JED,2026-05-02,26,6,5530.94,0.7894736842105263,0.4444444444444444,0.032658318980038306,0.42219214921166964,0.5540540540540541,0.25107455623948866,0.7869648481615362,0.75,0.5138970163409866,Medium,76
CUS_JED_0089,TER_JED,2026-04-20,38,6,25260.899999999998,0.47368421052631576,0.4444444444444444,0.17235573079878896,0.3634947952565164,0.5,0.25107455623948866,1.0,0.75,0.4955053737265554,Medium,77
CUS_JED_0001,TER_JED,2026-05-03,25,7,3777.8599999999997,0.8157894736842105,0.5555555555555556,0.020245686683205703,0.4638635719743239,0.5540540540540541,0.25107455623948866,0.7085270190204354,0.25,0.4727218025319382,Medium,78
CUS_JED_0080,TER_JED,2026-04-28,30,9,86163.09,0.6842105263157895,0.7777777777777778,0.6035719277446419,0.688520077279403,0.05945945945945947,0.25107455623948866,0.7869648481615362,0.75,0.4720498091897016,Medium,79
CUS_JED_0092,TER_JED,2026-04-29,29,8,6433.91,0.7105263157894737,0.6666666666666666,0.03905177197994188,0.47208158481202744,0.5,0.25107455623948866,0.7085270190204354,0.25,0.45979279145080343,Medium,80
CUS_JED_0076,TER_JED,2026-05-09,19,7,4345.6,0.9736842105263158,0.5555555555555556,0.02426555335227029,0.5178351064780472,0.5540540540540541,0.25107455623948866,0.0,0.5,0.448457714431384,Medium,81
CUS_JED_0064,TER_JED,2026-05-03,25,6,4603.44,0.8157894736842105,0.4444444444444444,0.026091182023760075,0.4287750333841383,0.5540540540540541,0.25107455623948866,0.0,0.75,0.43783368519382043,Medium,82
CUS_JED_0078,TER_JED,2026-04-20,38,5,4192.29,0.47368421052631576,0.3333333333333333,0.02318004632610639,0.2767325300619185,0.5,0.25107455623948866,0.7869648481615362,0.5,0.4144969524648699,Medium,83
CUS_JED_0052,TER_JED,2026-04-15,43,6,68105.06,0.34210526315789475,0.4444444444444444,0.4757125679919939,0.42075409186477764,0.05945945945945947,0.25107455623948866,0.9525098646205996,1.0,0.40649791666975776,Medium,84
CUS_JED_0002,TER_JED,2026-04-26,32,8,3823.96,0.631578947368421,0.6666666666666666,0.020572096401463846,0.4396059034788505,0.10810810810810813,0.25107455623948866,0.7085270190204354,1.0,0.404234951349965,Medium,85
CUS_JED_0026,TER_JED,2026-04-29,29,8,26641.24,0.7105263157894737,0.6666666666666666,0.18212918829337563,0.5197740569165054,0.05945945945945947,0.25107455623948866,0.7085270190204354,0.75,0.39670761813043237,Low,86
CUS_JED_0090,TER_JED,2026-05-10,18,3,944.89,1.0,0.1111111111111111,0.00018692443735390316,0.37043267851615497,0.5540540540540541,0.25107455623948866,0.0,0.5,0.38949674324662703,Low,87
CUS_JED_0068,TER_JED,2026-04-27,31,9,6273.969999999999,0.6578947368421053,0.7777777777777778,0.03791932143030614,0.4911972786833964,0.05945945945945947,0.25107455623948866,0.7085270190204354,0.75,0.38527690683718885,Low,88
CUS_JED_0073,TER_JED,2026-04-30,28,8,33045.46,0.7368421052631579,0.6666666666666666,0.22747408299756555,0.5436609516424634,0.05945945945945947,0.25107455623948866,0.7085270190204354,0.5,0.38126237602081564,Low,89
CUS_JED_0069,TER_JED,2026-04-27,31,7,4873.21,0.6578947368421053,0.5555555555555556,0.02800128071561472,0.41381719103775855,0.05945945945945947,0.25107455623948866,0.9525098646205996,0.75,0.37872315633895015,Low,90
CUS_JED_0009,TER_JED,2026-04-27,31,7,4569.59,0.6578947368421053,0.5555555555555556,0.025851508076622592,0.4131006001580945,0.05945945945945947,0.25107455623948866,0.9525098646205996,0.75,0.3784365199870845,Low,91
CUS_JED_0060,TER_JED,2026-04-22,36,2,1876.4099999999999,0.5263157894736842,0.0,0.006782524887501933,0.17769943812039538,0.5,0.25107455623948866,0.7869648481615362,0.5,0.3748837156882606,Low,92
CUS_JED_0100,TER_JED,2026-04-22,36,6,27136.36,0.5263157894736842,0.4444444444444444,0.18563487115029473,0.38546503502280777,0.05945945945945947,0.25107455623948866,1.0,0.75,0.3721313074709099,Low,93
CUS_JED_0028,TER_JED,2026-04-30,28,7,6312.89,0.7368421052631579,0.5555555555555556,0.03819489336598091,0.44353085139489806,0.05945945945945947,0.25107455623948866,0.7869648481615362,0.5,0.3490541188358996,Low,94
CUS_JED_0047,TER_JED,2026-04-30,28,5,4156.13,0.7368421052631579,0.3333333333333333,0.02292401649070044,0.36436648502906394,0.05945945945945947,0.25107455623948866,0.7085270190204354,0.75,0.33454458937545584,Low,95
CUS_JED_0013,TER_JED,2026-04-29,29,3,2316.2599999999998,0.7105263157894737,0.1111111111111111,0.009896870106066871,0.27717809900221724,0.05945945945945947,0.25107455623948866,1.0,0.5,0.3038165330626736,Low,96
CUS_JED_0091,TER_JED,2026-04-30,28,7,5631.56,0.7368421052631579,0.5555555555555556,0.033370755983316715,0.4419228056006767,0.05945945945945947,0.25107455623948866,0.7085270190204354,0.0,0.2905671176041009,Low,97
CUS_JED_0053,TER_JED,2026-04-11,47,3,918.49,0.23684210526315788,0.1111111111111111,0.0,0.11598440545808968,0.10810810810810813,0.25107455623948866,0.7869648481615362,0.75,0.2576301350557708,Low,98
CUS_JED_0051,TER_JED,2026-04-19,39,5,20171.99,0.4473684210526316,0.3333333333333333,0.13632385055277946,0.3056752016462481,0.10810810810810813,0.25107455623948866,0.7085270190204354,0.0,0.2506626706169241,Low,99
CUS_JED_0062,TER_JED,2026-04-02,56,3,1830.9299999999998,0.0,0.1111111111111111,0.0064605050613331634,0.03919053872414809,0.05945945945945947,0.25107455623948866,0.7869648481615362,0.75,0.21231799376759958,Low,100
CUS_RUH_0052,TER_RUH,2026-05-09,19,11,159555.54,0.9850746268656716,1.0,1.0,0.9950248756218905,1.0,1.0,0.9602794748298693,1.0,0.9940378977317431,High,1
CUS_RUH_0085,TER_RUH,2026-05-07,21,10,132491.78,0.9552238805970149,0.9,0.8298986239855751,0.8950408348608634,0.9513513513513514,1.0,1.0,1.0,0.9434217393497507,High,2
CUS_RUH_0041,TER_RUH,2026-05-10,18,11,142003.19,1.0,1.0,0.8896798195340636,0.9632266065113546,1.0,1.0,0.9602794748298693,0.5,0.9313185900875288,High,3
CUS_RUH_0037,TER_RUH,2026-05-10,18,11,126075.19,1.0,1.0,0.7895690175923615,0.9298563391974538,1.0,1.0,0.720620997582245,0.75,0.9190046354372061,High,4
CUS_RUH_0077,TER_RUH,2026-05-09,19,10,131026.89,0.9850746268656716,0.9,0.8206914848182986,0.90192203722799,1.0,1.0,0.720620997582245,0.75,0.9078309146494206,High,5
CUS_RUH_0067,TER_RUH,2026-05-06,22,9,105088.25,0.9402985074626866,0.8,0.6576617226587613,0.7993200767071493,0.9513513513513514,1.0,1.0,1.0,0.9051334360882651,High,6
CUS_RUH_0032,TER_RUH,2026-05-04,24,9,103679.37,0.9104477611940298,0.8,0.6488066180229234,0.7864181264056511,0.9513513513513514,1.0,1.0,1.0,0.8999726559676658,High,7
CUS_RUH_0013,TER_RUH,2026-05-07,21,10,115155.05,0.9552238805970149,0.9,0.7209336601893191,0.8587191802621114,0.9513513513513514,1.0,0.9602794748298693,0.75,0.8999210249932368,High,8
CUS_RUH_0019,TER_RUH,2026-05-06,22,9,102986.39,0.9402985074626866,0.8,0.6444510941951007,0.7949165338859291,0.9513513513513514,1.0,1.0,0.75,0.878372018959777,High,9
CUS_RUH_0066,TER_RUH,2026-05-09,19,10,30554.67,0.9850746268656716,0.9,0.18920262764457216,0.6914257515034147,1.0,1.0,1.0,1.0,0.8765703006013658,High,10
CUS_RUH_0004,TER_RUH,2026-05-10,18,10,117780.82,1.0,0.9,0.7374371722695844,0.8791457240898614,1.0,1.0,0.9602794748298693,0.25,0.8726862371189316,High,11
CUS_RUH_0093,TER_RUH,2026-05-05,23,10,128717.66,0.9253731343283582,0.9,0.8061774926555766,0.8771835423279782,0.9513513513513514,1.0,0.9602794748298693,0.25,0.8573067698195836,High,12
CUS_RUH_0049,TER_RUH,2026-05-06,22,10,125058.16,0.9402985074626866,0.9,0.783176771930711,0.8744917597977993,0.9513513513513514,1.0,0.720620997582245,0.5,0.8572642090827497,High,13
CUS_RUH_0096,TER_RUH,2026-05-09,19,8,101200.83,0.9850746268656716,0.7,0.6332284771989288,0.7727677013548667,1.0,1.0,0.9602794748298693,0.5,0.8551350280249337,High,14
CUS_RUH_0091,TER_RUH,2026-05-05,23,10,115768.47,0.9253731343283582,0.9,0.7247891328241182,0.8500540890508255,0.9513513513513514,1.0,0.13857597241888855,1.0,0.8392846382676244,High,15
CUS_RUH_0016,TER_RUH,2026-05-09,19,10,7961.7,0.9850746268656716,0.9,0.047201099207554616,0.6440919086910755,1.0,1.0,0.720620997582245,1.0,0.8296988632346547,High,16
CUS_RUH_0027,TER_RUH,2026-05-10,18,10,33356.63,1.0,0.9,0.2068135306210018,0.7022711768736672,1.0,1.0,0.9602794748298693,0.5,0.8269364182324539,High,17
CUS_RUH_0097,TER_RUH,2026-05-07,21,9,30227.99,0.9552238805970149,0.8,0.18714937571223195,0.6474577521030823,0.9513513513513514,1.0,0.9602794748298693,0.75,0.8154164537296253,High,18
CUS_RUH_0029,TER_RUH,2026-05-10,18,10,42671.55,1.0,0.9,0.2653597455395603,0.7217865818465201,1.0,1.0,1.0,0.25,0.813714632738608,High,19
CUS_RUH_0011,TER_RUH,2026-05-07,21,8,5042.88,0.9552238805970149,0.7,0.02885570675881788,0.5613598624519441,0.9513513513513514,1.0,1.0,1.0,0.8099493503861831,High,20
CUS_RUH_0059,TER_RUH,2026-05-07,21,10,32912.55,0.9552238805970149,0.9,0.2040223952037322,0.6864154252669157,0.9513513513513514,1.0,0.9602794748298693,0.5,0.8059995229951586,High,21
CUS_RUH_0046,TER_RUH,2026-05-05,23,8,5051.09,0.9253731343283582,0.7,0.02890730832109446,0.5514268142164842,0.9513513513513514,1.0,1.0,1.0,0.8059761310919991,High,22
CUS_RUH_0057,TER_RUH,2026-05-10,18,6,4126.17,1.0,0.5,0.023093993219894117,0.5076979977399647,1.0,1.0,0.9602794748298693,1.0,0.7991071465789727,High,23
CUS_RUH_0083,TER_RUH,2026-05-06,22,9,34942.46,0.9402985074626866,0.8,0.2167808029115097,0.6523597701247321,0.9513513513513514,1.0,0.9602794748298693,0.5,0.7923772609382853,High,24
CUS_RUH_0063,TER_RUH,2026-05-06,22,8,6365.780000000001,0.9402985074626866,0.7,0.0371704091626776,0.5591563055417881,0.9513513513513514,1.0,1.0,0.75,0.7840679276221205,High,25
CUS_RUH_0090,TER_RUH,2026-05-10,18,9,93179.72,1.0,0.8,0.5828141279672233,0.7942713759890744,0.5540540540540541,1.0,1.0,1.0,0.783924766611846,High,26
CUS_RUH_0084,TER_RUH,2026-05-07,21,10,37908.13,0.9552238805970149,0.9,0.2354206573812766,0.6968815126594304,0.9513513513513514,1.0,0.13857597241888855,1.0,0.7780156077110665,High,27
CUS_RUH_0065,TER_RUH,2026-05-09,19,8,7916.34,0.9850746268656716,0.7,0.046916002147278646,0.5773302096709835,1.0,1.0,0.720620997582245,0.75,0.777994183626618,High,28
CUS_RUH_0088,TER_RUH,2026-05-07,21,9,28324.489999999998,0.9552238805970149,0.8,0.1751854812185083,0.643469787271841,0.9513513513513514,1.0,0.720620997582245,0.5,0.7648554200723664,High,29
CUS_RUH_0053,TER_RUH,2026-05-06,22,7,61976.8,0.9402985074626866,0.6,0.38669726809010296,0.6423319251842631,0.9513513513513514,1.0,0.720620997582245,0.5,0.7644002752373352,High,30
CUS_RUH_0055,TER_RUH,2026-05-10,18,7,4472.63,1.0,0.6,0.02527156657754869,0.5417571888591829,1.0,1.0,0.720620997582245,0.75,0.7637649753018976,High,31
CUS_RUH_0003,TER_RUH,2026-05-10,18,8,24798.63,1.0,0.7,0.15302471576558457,0.6176749052551949,1.0,1.0,0.13857597241888855,1.0,0.7609275593439667,High,32
CUS_RUH_0021,TER_RUH,2026-05-05,23,10,124692.71,0.9253731343283582,0.9,0.7808798424625044,0.8687509922636208,0.9513513513513514,1.0,0.0,0.25,0.7579058023108538,High,33
CUS_RUH_0034,TER_RUH,2026-05-10,18,10,34402.99,1.0,0.9,0.21339012144971348,0.7044633738165711,1.0,1.0,0.0,0.75,0.7567853495266283,High,34
CUS_RUH_0007,TER_RUH,2026-05-06,22,6,4401.81,0.9402985074626866,0.5,0.02482644810733829,0.4883749851900083,0.9513513513513514,1.0,0.720620997582245,1.0,0.7528174992396333,High,35
CUS_RUH_0062,TER_RUH,2026-05-05,23,9,5176.96,0.9253731343283582,0.8,0.02969842752252603,0.5850238539502948,0.9513513513513514,1.0,1.0,0.25,0.7444149469855234,High,36
CUS_RUH_0035,TER_RUH,2026-05-03,25,8,108287.75,0.8955223880597015,0.7,0.677771247446084,0.7577645451685951,0.5540540540540541,1.0,1.0,0.75,0.7443220342836543,High,37
CUS_RUH_0001,TER_RUH,2026-05-05,23,9,7481.41,0.9253731343283582,0.8,0.044182376388331855,0.5898518369055633,0.9513513513513514,1.0,0.9602794748298693,0.25,0.7423740876506176,High,38
CUS_RUH_0100,TER_RUH,2026-05-05,23,5,4817.35,0.9253731343283582,0.4,0.027438203672309085,0.4509371126668891,0.9513513513513514,1.0,1.0,0.75,0.740780250472161,High,39
CUS_RUH_0087,TER_RUH,2026-05-07,21,5,3146.46,0.9552238805970149,0.4,0.01693631154169818,0.4573867307129044,0.9513513513513514,1.0,0.720620997582245,1.0,0.7404221974487917,High,40
CUS_RUH_0008,TER_RUH,2026-05-06,22,6,20071.719999999998,0.9402985074626866,0.5,0.12331510057182195,0.5212045360115029,0.9513513513513514,1.0,0.9602794748298693,0.5,0.7399151672929936,High,41
CUS_RUH_0022,TER_RUH,2026-05-07,21,6,4731.09,0.9552238805970149,0.5,0.026896041581934198,0.4940399740596497,0.9513513513513514,1.0,0.9602794748298693,0.5,0.7290493425122523,High,42
CUS_RUH_0068,TER_RUH,2026-05-10,18,6,4458.66,1.0,0.5,0.025183762213967224,0.5083945874046557,1.0,1.0,0.720620997582245,0.5,0.7254199347200868,High,43
CUS_RUH_0071,TER_RUH,2026-05-06,22,7,20858.2,0.9402985074626866,0.6,0.1282582913999931,0.5561855996208932,0.9513513513513514,1.0,0.13857597241888855,1.0,0.7217372424956515,High,44
CUS_RUH_0044,TER_RUH,2026-05-05,23,8,6108.76,0.9253731343283582,0.7,0.03555498485861831,0.5536427063956588,0.9513513513513514,1.0,0.13857597241888855,1.0,0.7207200852055577,High,45
CUS_RUH_0092,TER_RUH,2026-05-03,25,6,70427.61,0.8955223880597015,0.5,0.4398123714399871,0.6117782531665629,0.5540540540540541,1.0,1.0,1.0,0.7109275174828413,High,46
CUS_RUH_0038,TER_RUH,2026-04-27,31,9,111350.0,0.8059701492537313,0.8,0.6970181273585637,0.767662758870765,0.5,1.0,0.720620997582245,0.75,0.7041272033065304,High,47
CUS_RUH_0010,TER_RUH,2026-05-04,24,5,20643.370000000003,0.9104477611940298,0.4,0.126908040045075,0.479118600413035,0.9513513513513514,1.0,1.0,0.25,0.7020528455706194,High,48
CUS_RUH_0005,TER_RUH,2026-05-05,23,9,27168.14,0.9253731343283582,0.8,0.1679175803002959,0.6310969048762181,0.9513513513513514,1.0,0.13857597241888855,0.5,0.7017017645977816,High,49
CUS_RUH_0078,TER_RUH,2026-05-07,21,8,4560.25,0.9552238805970149,0.7,0.02582227655156501,0.5603487190495265,0.9513513513513514,1.0,0.13857597241888855,0.75,0.6984024902671049,Medium,50
CUS_RUH_0033,TER_RUH,2026-05-04,24,7,24904.77,0.9104477611940298,0.6,0.15369182780212978,0.5547131963320532,0.9513513513513514,1.0,0.13857597241888855,0.75,0.6961482811801156,Medium,51
CUS_RUH_0051,TER_RUH,2026-05-07,21,8,31444.78,0.9552238805970149,0.7,0.19479715463580324,0.6166736784109393,0.9513513513513514,1.0,0.13857597241888855,0.5,0.69593247401167,Medium,52
CUS_RUH_0082,TER_RUH,2026-05-07,21,7,4302.76,0.9552238805970149,0.6,0.024203898199482588,0.5264759262654991,0.9513513513513514,1.0,0.720620997582245,0.25,0.6930578756698297,Medium,53
CUS_RUH_0069,TER_RUH,2026-05-05,23,7,4222.74,0.9253731343283582,0.6,0.023700955810521323,0.5163580300462932,0.9513513513513514,1.0,0.9602794748298693,0.0,0.6879765649069096,Medium,54
CUS_RUH_0079,TER_RUH,2026-05-10,18,8,27055.76,1.0,0.7,0.16721124856233707,0.622403749520779,1.0,1.0,0.13857597241888855,0.25,0.6878190970502005,Medium,55
CUS_RUH_0018,TER_RUH,2026-05-07,21,6,3167.1800000000003,0.9552238805970149,0.5,0.017066541063058806,0.4907634738866913,0.9513513513513514,1.0,0.0,1.0,0.6817107949600819,Medium,56
CUS_RUH_0036,TER_RUH,2026-05-04,24,8,4638.75,0.9104477611940298,0.7,0.026315665423515263,0.545587808872515,0.9513513513513514,1.0,0.0,0.75,0.6786405289544115,Medium,57
CUS_RUH_0047,TER_RUH,2026-05-04,24,6,3902.61,0.9104477611940298,0.5,0.02168887199424828,0.47737887772942605,0.9513513513513514,1.0,0.720620997582245,0.25,0.6734190562554004,Medium,58
CUS_RUH_0061,TER_RUH,2026-05-04,24,9,4799.89,0.9104477611940298,0.8,0.027328463930853655,0.5792587417082945,0.9513513513513514,1.0,0.0,0.5,0.6671089020887232,Medium,59
CUS_RUH_0094,TER_RUH,2026-05-04,24,7,4909.27,0.9104477611940298,0.6,0.028015940043132872,0.5128212337457209,0.9513513513513514,1.0,0.0,0.75,0.6655338989036939,Medium,60
CUS_RUH_0073,TER_RUH,2026-05-06,22,8,22396.97,0.9402985074626866,0.7,0.13792978177567322,0.5927427630794533,0.9513513513513514,1.0,0.13857597241888855,0.25,0.6613601078790756,Medium,61
CUS_RUH_0095,TER_RUH,2026-05-10,18,5,2196.84,1.0,0.4,0.010967751789068904,0.4703225839296896,0.5540540540540541,1.0,1.0,1.0,0.654345249788092,Medium,62
CUS_RUH_0020,TER_RUH,2026-04-27,31,8,26668.64,0.8059701492537313,0.7,0.16477811862463795,0.5569160892927897,0.5,1.0,1.0,0.75,0.6477664357171158,Medium,63
CUS_RUH_0056,TER_RUH,2026-05-05,23,8,5706.82,0.9253731343283582,0.7,0.033028708130061826,0.5528006141528067,0.9513513513513514,1.0,0.13857597241888855,0.25,0.645383248308417,Medium,64
CUS_RUH_0086,TER_RUH,2026-05-04,24,6,3930.27,0.9104477611940298,0.5,0.021862720863014443,0.4774368273523481,0.9513513513513514,1.0,0.13857597241888855,0.5,0.6402377335882335,Medium,65
CUS_RUH_0054,TER_RUH,2026-05-02,26,10,39087.74,0.8805970149253731,0.9,0.2428347522505917,0.6744772557253217,0.5540540540540541,1.0,1.0,0.0,0.6360071185063448,Medium,66
CUS_RUH_0023,TER_RUH,2026-05-07,21,7,5028.16,0.9552238805970149,0.6,0.028763188488816503,0.5279956896952771,0.9513513513513514,1.0,0.13857597241888855,0.25,0.6354612785254051,Medium,67
CUS_RUH_0031,TER_RUH,2026-05-10,18,4,10081.21,1.0,0.3,0.060522661602297,0.4535075538674323,0.5540540540540541,1.0,0.720620997582245,1.0,0.6196813375214136,Medium,68
CUS_RUH_0075,TER_RUH,2026-05-06,22,7,4845.89,0.9402985074626866,0.6,0.02761758352460794,0.5226386969957648,0.9513513513513514,1.0,0.0,0.25,0.6194608842037114,Medium,69
CUS_RUH_0015,TER_RUH,2026-05-10,18,7,5110.8099999999995,1.0,0.6,0.029282660976290238,0.5430942203254301,1.0,1.0,0.0,0.0,0.617237688130172,Medium,70
CUS_RUH_0030,TER_RUH,2026-05-09,19,7,5303.5599999999995,0.9850746268656716,0.6,0.030494134926206302,0.5385229205972926,0.5540540540540541,1.0,0.720620997582245,0.5,0.6036874842133578,Medium,71
CUS_RUH_0070,TER_RUH,2026-05-02,26,6,3868.13,0.8805970149253731,0.5,0.02147215800310376,0.46735639097615894,0.5540540540540541,1.0,1.0,0.5,0.6031587726066798,Medium,72
CUS_RUH_0039,TER_RUH,2026-05-10,18,5,3363.65,1.0,0.4,0.018301395988817606,0.4727671319962725,0.5540540540540541,1.0,0.720620997582245,0.75,0.6023851687729498,Medium,73
CUS_RUH_0025,TER_RUH,2026-05-10,18,9,34849.45,1.0,0.8,0.21619621566335562,0.6720654052211185,0.5540540540540541,1.0,0.13857597241888855,0.5,0.5988999755465525,Medium,74
CUS_RUH_0042,TER_RUH,2026-05-07,21,6,5059.47,0.9552238805970149,0.5,0.028959978368826217,0.4947279529886137,0.9513513513513514,1.0,0.13857597241888855,0.0,0.5971541838427398,Medium,75
CUS_RUH_0098,TER_RUH,2026-04-27,31,5,17275.77,0.8059701492537313,0.4,0.10574197169883717,0.4372373736508562,0.5,1.0,0.9602794748298693,0.75,0.5959228969433294,Medium,76
CUS_RUH_0024,TER_RUH,2026-05-03,25,7,27583.760000000002,0.8955223880597015,0.6,0.1705298386819515,0.5553507422472177,0.5540540540540541,1.0,0.13857597241888855,0.75,0.5772141103569921,Medium,77
CUS_RUH_0089,TER_RUH,2026-05-02,26,9,7028.18,0.8805970149253731,0.8,0.04133373131273934,0.5739769154127041,0.5540540540540541,1.0,0.13857597241888855,0.5,0.5596645796231867,Medium,78
CUS_RUH_0081,TER_RUH,2026-05-09,19,5,3933.2200000000003,0.9850746268656716,0.4,0.021881262228266078,0.4689852963646459,0.5540540540540541,1.0,0.13857597241888855,0.75,0.5426679320039633,Medium,79
CUS_RUH_0012,TER_RUH,2026-04-27,31,7,5110.66,0.8059701492537313,0.6,0.02928171819500626,0.4784172891495792,0.5,1.0,0.0,0.75,0.5163669156598316,Medium,80
CUS_RUH_0080,TER_RUH,2026-04-27,31,8,6199.58,0.8059701492537313,0.7,0.03612580750002624,0.5140319855845857,0.05945945945945947,1.0,0.9602794748298693,0.75,0.49447857955465907,Medium,81
CUS_RUH_0002,TER_RUH,2026-04-28,30,8,21570.45,0.8208955223880597,0.7,0.13273493119676466,0.5512101511949415,0.05945945945945947,1.0,0.9602794748298693,0.5,0.4843498457988014,Medium,82
CUS_RUH_0076,TER_RUH,2026-04-25,33,7,5102.46,0.7761194029850746,0.6,0.02923017948481528,0.4684498608232967,0.10810810810810813,1.0,0.9602794748298693,0.5,0.46584032424473804,Medium,83
CUS_RUH_0064,TER_RUH,2026-04-28,30,5,11261.82,0.8208955223880597,0.4,0.067943041680172,0.42961285468941063,0.05945945945945947,1.0,1.0,0.75,0.4646829797136021,Medium,84
CUS_RUH_0072,TER_RUH,2026-04-20,38,3,1704.09,0.7014925373134329,0.2,0.007870715271190093,0.3031210841948743,0.5,1.0,0.13857597241888855,0.75,0.46010603091983854,Medium,85
CUS_RUH_0074,TER_RUH,2026-04-22,36,5,17200.99,0.7313432835820896,0.4,0.10527196380272967,0.4122050824616064,0.05945945945945947,1.0,0.9602794748298693,0.75,0.45374781830546734,Medium,86
CUS_RUH_0040,TER_RUH,2026-04-27,31,5,3747.1800000000003,0.8059701492537313,0.4,0.02071196202778678,0.40889403709383937,0.05945945945945947,1.0,0.9602794748298693,0.75,0.4524234001583605,Medium,87
CUS_RUH_0006,TER_RUH,2026-04-25,33,7,4090.85,0.7761194029850746,0.6,0.0228719996535593,0.4663304675462114,0.10810810810810813,1.0,0.9602794748298693,0.25,0.439992566933904,Medium,88
CUS_RUH_0099,TER_RUH,2026-04-13,45,6,3652.2,0.5970149253731343,0.5,0.020114992918769774,0.3723766394306347,0.05945945945945947,1.0,0.720620997582245,0.75,0.41385059336831626,Medium,89
CUS_RUH_0058,TER_RUH,2026-04-30,28,7,6670.35,0.8507462686567164,0.6,0.03908469513375898,0.4966103212634918,0.05945945945945947,1.0,0.13857597241888855,0.75,0.4053395635851234,Medium,90
CUS_RUH_0060,TER_RUH,2026-04-28,30,8,5725.2300000000005,0.8208955223880597,0.7,0.03314441881964914,0.518013313735903,0.05945945945945947,1.0,0.0,0.75,0.4000431633321991,Medium,91
CUS_RUH_0043,TER_RUH,2026-04-29,29,6,23270.62,0.835820895522388,0.5,0.14342085423400872,0.4930805832521323,0.05945945945945947,1.0,0.0,0.75,0.3900700711386908,Low,92
CUS_RUH_0014,TER_RUH,2026-04-26,32,8,4666.79,0.7910447761194029,0.7,0.02649190267153418,0.5058455595969791,0.10810810810810813,1.0,0.0,0.0,0.33477065627122404,Low,93
CUS_RUH_0048,TER_RUH,2026-04-15,43,5,2356.1,0.6268656716417911,0.4,0.011968734104314725,0.3462781352487019,0.05945945945945947,1.0,0.0,0.75,0.3313490919373186,Low,94
CUS_RUH_0009,TER_RUH,2026-04-23,35,4,3070.17,0.746268656716418,0.3,0.01645681298066525,0.35424182323236103,0.05945945945945947,1.0,0.0,0.5,0.30953456713078226,Low,95
CUS_RUH_0045,TER_RUH,2026-03-28,61,2,1775.74,0.3582089552238806,0.1,0.008321050464505195,0.1555100018961286,0.10810810810810813,1.0,0.13857597241888855,0.75,0.28349403043277277,Low,96
CUS_RUH_0026,TER_RUH,2026-04-14,44,4,11657.89,0.6119402985074627,0.3,0.07043242423448201,0.3274575742473149,0.05945945945945947,1.0,0.13857597241888855,0.0,0.2626784647786527,Low,97
CUS_RUH_0017,TER_RUH,2026-04-01,57,4,17333.91,0.417910447761194,0.3,0.10610739372450835,0.27467261382856745,0.05945945945945947,1.0,0.0,0.25,0.25270688336926483,Low,98
CUS_RUH_0050,TER_RUH,2026-03-04,85,1,451.83,0.0,0.0,0.0,0.0,0.05945945945945947,1.0,0.0,1.0,0.21783783783783783,Low,99
CUS_RUH_0028,TER_RUH,2026-03-29,60,2,2041.06,0.373134328358209,0.1,0.009988641999611447,0.1610409901192735,0.10810810810810813,1.0,0.0,0.0,0.19684882848014185,Low,100
